$Date,$Time,YXC-401B,YXI-401B,YXI-402B,YXI-403B,YXI-404B
02/15/16,00:00:00,1700,1840.966,576.9985,5403.598,28077.26
02/15/16,00:01:00,1700,1840.803,583.424,5433.271,28223.43
02/15/16,00:02:00,1700,1841.542,587.23,5497.379,28547.39
02/15/16,00:03:00,1700,1841.838,586.554,5499.577,28555.39
02/15/16,00:04:00,1700,1840.79,573.4718,5331.892,27704.41
02/15/16,00:05:00,1700,1840.976,583.9781,5465.753,28387.88
02/15/16,00:06:00,1700,1841.535,588.8121,5499.56,28558.26
02/15/16,00:07:00,1700,1841.255,583.765,5465.819,28361.47
02/15/16,00:08:00,1700,1840.589,584.3226,5471.132,28413.69
02/15/16,00:09:00,1700,1841.578,584.8911,5480.388,28457.48
02/15/16,00:10:00,1700,1840.974,587.6698,5502.609,28582.01
02/15/16,00:11:00,1700,1840.801,587.9288,5493.576,28537.57
02/15/16,00:12:00,1700,1841.128,590.2203,5528.018,28710.41
02/15/16,00:13:00,1700,1840.789,591.7401,5553.671,28868.47
02/15/16,00:14:00,1700,1841.797,583.8124,5493.568,28524.82
02/15/16,00:15:00,1700,1841.826,590.4063,5527.146,28699.47
02/15/16,00:16:00,1700,1840.776,584.3209,5485.023,28485.91
02/15/16,00:17:00,1700,1840.976,586.4689,5481.62,28490.3
02/15/16,00:18:00,1700,1840.992,578.1127,5387.004,27978.97
02/15/16,00:19:00,1700,1841.014,590.0598,5523.674,28684.93
02/15/16,00:20:00,1700,1841.277,594.3193,5543.274,28800.61
02/15/16,00:21:00,1700,1841.556,585.2196,5480.349,28451.4
02/15/16,00:22:00,1700,1841.833,588.0494,5512.117,28631.47
02/15/16,00:23:00,1700,1841.063,573.6197,5380.605,27940.46
02/15/16,00:24:00,1700,1840.403,583.8915,5454.731,28324.18
02/15/16,00:25:00,1700,1841.372,590.7183,5539.951,28768.45
02/15/16,00:26:00,1700,1841.543,588.1331,5511.992,28609.9
02/15/16,00:27:00,1700,1841.135,593.1786,5576.087,28958.03
02/15/16,00:28:00,1700,1840.786,591.6041,5530.843,28727.5
02/15/16,00:29:00,1700,1840.805,571.3087,5335.156,27714.27
02/15/16,00:30:00,1700,1840.614,561.0118,5237.457,27214.21
02/15/16,00:31:00,1700,1840.975,574.9901,5374.469,27918.73
02/15/16,00:32:00,1700,1841.542,582.3891,5451.346,28305.53
02/15/16,00:33:00,1700,1840.794,582.9988,5446.509,28296.37
02/15/16,00:34:00,1700,1841.239,583.1822,5452.605,28336.65
02/15/16,00:35:00,1700,1840.592,577.1196,5389.017,28002.32
02/15/16,00:36:00,1700,1840.799,586.2086,5477.266,28451.91
02/15/16,00:37:00,1700,1840.977,595.1351,5578.124,29035.77
02/15/16,00:38:00,1700,1840.787,588.9452,5491.859,28519.9
02/15/16,00:39:00,1700,1840.337,585.9178,5487.313,28509.76
02/15/16,00:40:00,1700,1841.256,581.7131,5436.581,28233.91
02/15/16,00:41:00,1700,1840.306,589.7126,5545.469,28812.82
02/15/16,00:42:00,1700,1840.984,580.8583,5424.248,28184.77
02/15/16,00:43:00,1700,1841.833,585.3553,5472.109,28423.55
02/15/16,00:44:00,1700,1840.82,595.887,5578.227,28970.8
02/15/16,00:45:00,1700,1840.965,592.8563,5543.218,28782.85
02/15/16,00:46:00,1700,1841.833,592.3008,5543.248,28788.93
02/15/16,00:47:00,1700,1841.556,588.3506,5487.081,28486.65
02/15/16,00:48:00,1700,1840.963,586.4635,5497.408,28564.79
02/15/16,00:49:00,1700,1841.523,592.6414,5541.857,28739.95
02/15/16,00:50:00,1700,1840.372,596.2523,5584.9,29014.81
02/15/16,00:51:00,1700,1841.032,591.956,5568.967,28924.35
02/15/16,00:52:00,1700,1841.847,578.8007,5405.035,28058.61
02/15/16,00:53:00,1700,1841.282,583.2994,5461.549,28386.44
02/15/16,00:54:00,1700,1841.298,590.9716,5527.985,28693.01
02/15/16,00:55:00,1700,1842.031,589.5015,5492.319,28520.25
02/15/16,00:56:00,1700,1841.591,582.0522,5451.258,28300.32
02/15/16,00:57:00,1700,1841.259,590.9664,5535.769,28748.17
02/15/16,00:58:00,1700,1842.305,588.358,5498.278,28537.34
02/15/16,00:59:00,1700,1841.249,582.3221,5426.664,28179.39
02/15/16,01:00:00,1700,1841.25,591.0919,5535.546,28744.5
02/15/16,01:01:00,1700,1841.559,593.6534,5542.291,28778.55
02/15/16,01:02:00,1700,1840.974,596.6805,5590.679,29044.65
02/15/16,01:03:00,1700,1841.556,596.2548,5570.527,28925
02/15/16,01:04:00,1700,1841.018,573.9505,5354.239,27804.46
02/15/16,01:05:00,1700,1841.264,583.1558,5453.296,28317.08
02/15/16,01:06:00,1700,1841.831,587.6595,5477.745,28440.82
02/15/16,01:07:00,1700,1841.25,578.2377,5400.555,28054.03
02/15/16,01:08:00,1700,1840.974,587.4927,5480.252,28464.81
02/15/16,01:09:00,1700,1841.255,594.9211,5571.649,28930.09
02/15/16,01:10:00,1700,1841.548,588.9373,5505.051,28581.73
02/15/16,01:11:00,1700,1841.53,593.754,5554.5,28851.56
02/15/16,01:12:00,1700,1840.601,600.682,5612.167,29156.57
02/15/16,01:13:00,1700,1841.826,600.2936,5637.984,29273.4
02/15/16,01:14:00,1700,1840.875,597.5044,5603.346,29138.42
02/15/16,01:15:00,1700,1842.601,580.382,5426.373,28158.89
02/15/16,01:16:00,1700,1840.856,594.218,5568.261,28920.29
02/15/16,01:17:00,1700,1841.846,598.0588,5611.775,29147.26
02/15/16,01:18:00,1700,1841.569,595.1342,5571.701,28941.63
02/15/16,01:19:00,1700,1840.591,589.4911,5519.893,28661.32
02/15/16,01:20:00,1700,1841.529,594.1361,5577,28913.96
02/15/16,01:21:00,1700,1840.792,597.8771,5608.884,29148.94
02/15/16,01:22:00,1700,1840.593,596.8076,5598.23,29071.92
02/15/16,01:23:00,1700,1841.255,598.7402,5620.891,29200.27
02/15/16,01:24:00,1700,1840.576,596.4243,5615.055,29165.89
02/15/16,01:25:00,1700,1840.96,584.741,5472.05,28430.13
02/15/16,01:26:00,1700,1840.761,571.8627,5324.098,27652.79
02/15/16,01:27:00,1700,1840.575,588.1223,5498.199,28564.46
02/15/16,01:28:00,1700,1840.6,591.6022,5537.897,28761.86
02/15/16,01:29:00,1700,1841.28,594.782,5578.426,28952.41
02/15/16,01:30:00,1700,1841.554,572.7739,5358.962,27838.41
02/15/16,01:31:00,1700,1839.767,587.4854,5501.723,28592.55
02/15/16,01:32:00,1700,1840.597,597.5325,5592.858,29040.67
02/15/16,01:33:00,1700,1840.972,596.2552,5591.85,29052.75
02/15/16,01:34:00,1700,1841.308,587.6426,5494.92,28540.77
02/15/16,01:35:00,1700,1841.249,592.7269,5545.447,28836.87
02/15/16,01:36:00,1700,1840.955,596.0392,5584.979,29007.88
02/15/16,01:37:00,1700,1841.532,591.7339,5541.333,28707.07
02/15/16,01:38:00,1700,1841.835,593.4568,5544.19,28783.21
02/15/16,01:39:00,1700,1841.282,598.8127,5607.701,29042.61
02/15/16,01:40:00,1700,1841.829,577.6802,5398.039,28025.97
02/15/16,01:41:00,1700,1840.78,571.294,5338.401,27706.34
02/15/16,01:42:00,1700,1840.962,589.364,5514.944,28648.02
02/15/16,01:43:00,1700,1840.978,595.0128,5575.88,28958.68
02/15/16,01:44:00,1700,1840.936,598.8293,5623.492,29200.49
02/15/16,01:45:00,1700,1842.297,588.9388,5508.077,28592.76
02/15/16,01:46:00,1700,1840.316,597.6166,5599.407,29099.95
02/15/16,01:47:00,1700,1842.022,580.1593,5418.072,28155.36
02/15/16,01:48:00,1700,1840.786,589.1099,5539.857,28778.75
02/15/16,01:49:00,1700,1843.453,591.3026,5556.057,28872.48
02/15/16,01:50:00,1700,1842.028,595.7754,5580.692,28969.31
02/15/16,01:51:00,1700,1841.846,579.9597,5420.781,28143.59
02/15/16,01:52:00,1700,1840.585,596.5916,5581.538,28992.77
02/15/16,01:53:00,1700,1840.974,599.8569,5625.662,29217.64
02/15/16,01:54:00,1700,1840.942,597.8505,5606.47,29100.06
02/15/16,01:55:00,1700,1840.763,594.5731,5571.606,28934.88
02/15/16,01:56:00,1700,1840.919,596.7992,5586.161,29007.22
02/15/16,01:57:00,1700,1840.949,590.3782,5511.936,28626.78
02/15/16,01:58:00,1700,1842.578,593.3227,5550.104,28813.77
02/15/16,01:59:00,1700,1840.656,593.7581,5568.179,28924.06
02/15/16,02:00:00,1700,1841.249,589.9272,5508.119,28609.54
02/15/16,02:01:00,1700,1841.794,593.9576,5563.82,28889.92
02/15/16,02:02:00,1700,1841.245,595.3369,5573.748,28947.66
02/15/16,02:03:00,1700,1841.827,596.3755,5609.814,29121.37
02/15/16,02:04:00,1700,1840.947,589.7988,5523.224,28675.4
02/15/16,02:05:00,1700,1841.24,592.6315,5537.731,28754.79
02/15/16,02:06:00,1700,1840.988,577.4575,5401.534,28088.06
02/15/16,02:07:00,1700,1840.774,592.6368,5552.312,28840.46
02/15/16,02:08:00,1700,1841.235,597.705,5589.208,29020.57
02/15/16,02:09:00,1700,1840.958,595.6052,5567.007,28935.29
02/15/16,02:10:00,1700,1840.021,589.3735,5515.009,28660.87
02/15/16,02:11:00,1700,1840.744,590.9642,5519.736,28669.39
02/15/16,02:12:00,1700,1840.989,596.4739,5582.76,28993.16
02/15/16,02:13:00,1700,1842.768,594.317,5569.091,28900.68
02/15/16,02:14:00,1700,1842.018,585.3467,5480.359,28451.71
02/15/16,02:15:00,1700,1841.524,591.604,5555.591,28847.06
02/15/16,02:16:00,1700,1840.984,593.8745,5543.387,28789.29
02/15/16,02:17:00,1700,1840.779,591.5156,5551.371,28816.82
02/15/16,02:18:00,1700,1840.495,595.7728,5584.883,29020.27
02/15/16,02:19:00,1700,1841.542,593.7561,5561.144,28865.92
02/15/16,02:20:00,1700,1840.581,590.6299,5541.124,28767.77
02/15/16,02:21:00,1700,1842.307,597.6367,5619.04,29124.73
02/15/16,02:22:00,1700,1840.965,574.2928,5348.772,27780.83
02/15/16,02:23:00,1700,1840.582,591.8626,5535.482,28754.89
02/15/16,02:24:00,1700,1841.534,596.0694,5594.37,29038.23
02/15/16,02:25:00,1700,1840.782,594.1489,5551.446,28834.2
02/15/16,02:26:00,1700,1842.05,592.0886,5533.006,28733.49
02/15/16,02:27:00,1700,1841.535,586.8931,5493.409,28530.42
02/15/16,02:28:00,1700,1840.978,584.2023,5455.405,28344.74
02/15/16,02:29:00,1700,1842.03,577.5039,5389.032,27985.11
02/15/16,02:30:00,1700,1840.786,583.2906,5458.825,28351.37
02/15/16,02:31:00,1700,1841.585,593.1232,5542.443,28778.25
02/15/16,02:32:00,1700,1841.84,591.2693,5554.414,28840.62
02/15/16,02:33:00,1700,1840.569,595.9104,5607.573,29149.16
02/15/16,02:34:00,1700,1840.946,583.0692,5435.386,28250.6
02/15/16,02:35:00,1700,1841.245,594.23,5578.417,28952.04
02/15/16,02:36:00,1700,1841.298,599.5095,5634.979,29279.1
02/15/16,02:37:00,1700,1841.817,602.1362,5628.104,29145.69
02/15/16,02:38:00,1700,1841.3,593.4536,5539.8,28778.54
02/15/16,02:39:00,1700,1840.615,587.9269,5498.434,28463.54
02/15/16,02:40:00,1700,1840.312,589.7119,5525.268,28710.41
02/15/16,02:41:00,1700,1841.263,590.6208,5530.188,28710.08
02/15/16,02:42:00,1700,1841.823,576.5164,5371.018,27890.31
02/15/16,02:43:00,1700,1842.022,582.1815,5437.563,28244.84
02/15/16,02:44:00,1700,1840.784,597.7161,5609.776,29132.47
02/15/16,02:45:00,1700,1840.981,594.4445,5568.008,28919.83
02/15/16,02:46:00,1700,1841.857,590.1495,5523.988,28675.87
02/15/16,02:47:00,1700,1841.839,592.6355,5554.212,28839.89
02/15/16,02:48:00,1700,1841.824,586.6797,5477.672,28441.17
02/15/16,02:49:00,1700,1840.971,584.5354,5467.974,28403.46
02/15/16,02:50:00,1700,1840.587,595.9059,5597.35,29080.71
02/15/16,02:51:00,1700,1840.984,586.6868,5483.254,28502.54
02/15/16,02:52:00,1700,1841.273,573.1908,5365.523,27873.02
02/15/16,02:53:00,1700,1841.65,591.9946,5532.953,28734.04
02/15/16,02:54:00,1700,1840.601,594.1494,5573.562,28995.95
02/15/16,02:55:00,1700,1841.547,594.4011,5562.652,28869.06
02/15/16,02:56:00,1700,1840.993,595.9105,5575.996,28981.82
02/15/16,02:57:00,1700,1840.791,594.146,5558.371,28851.48
02/15/16,02:58:00,1700,1840.771,590.9532,5523.129,28777.61
02/15/16,02:59:00,1700,1840.315,591.6089,5544.182,28783.06
02/15/16,03:00:00,1700,1841.542,595.6064,5577.193,28927.1
02/15/16,03:01:00,1700,1842.012,584.5381,5473.363,28413.78
02/15/16,03:02:00,1700,1842.033,591.8662,5548.956,28806.52
02/15/16,03:03:00,1700,1840.959,584.5398,5458.975,28351.94
02/15/16,03:04:00,1700,1840.989,589.0704,5517.654,28644.01
02/15/16,03:05:00,1700,1840.617,598.28,5611.892,29149.58
02/15/16,03:06:00,1700,1840.808,595.022,5573.731,29073.38
02/15/16,03:07:00,1700,1841.284,587.5789,5485.853,28490.25
02/15/16,03:08:00,1700,1840.734,564.0164,5240.921,27224.9
02/15/16,03:09:00,1700,1841.275,597.5111,5586.705,29014.51
02/15/16,03:10:00,1700,1840.607,589.2444,5508.173,28616.34
02/15/16,03:11:00,1700,1842.61,592.4349,5553.633,28821.55
02/15/16,03:12:00,1700,1841.257,591.1899,5529.397,28704.87
02/15/16,03:13:00,1700,1840.592,594.3228,5571.638,28941.57
02/15/16,03:14:00,1700,1841.534,595.6115,5596.345,29059.85
02/15/16,03:15:00,1700,1840.971,575.6725,5374.539,27912.54
02/15/16,03:16:00,1700,1841.537,579.8419,5405.979,28065.36
02/15/16,03:17:00,1700,1841.542,584.1991,5445.614,28279.13
02/15/16,03:18:00,1700,1840.306,584.755,5448.686,28310.98
02/15/16,03:19:00,1700,1840.591,595.9122,5574.679,28957.34
02/15/16,03:20:00,1700,1841.26,595.1397,5568.138,28913.79
02/15/16,03:21:00,1700,1842.614,580.2433,5428.7,28189.13
02/15/16,03:22:00,1700,1840.978,584.0678,5472.08,28396.64
02/15/16,03:23:00,1700,1839.15,593.4125,5558.369,28876.76
02/15/16,03:24:00,1700,1841.272,593.4555,5570.406,28923.4
02/15/16,03:25:00,1700,1840.783,591.3961,5512.064,28631.09
02/15/16,03:26:00,1700,1840.838,595.4713,5573.783,28970.03
02/15/16,03:27:00,1700,1841.265,591.6154,5534.366,28744.53
02/15/16,03:28:00,1700,1840.778,571.1859,5328.612,27669.79
02/15/16,03:29:00,1700,1841.245,596.0344,5561.202,28879.05
02/15/16,03:30:00,1700,1840.785,598.5259,5611.007,29149.24
02/15/16,03:31:00,1700,1841.237,590.8228,5517.672,28660.69
02/15/16,03:32:00,1700,1840.032,588.0543,5522.3,28688.89
02/15/16,03:33:00,1700,1840.293,596.6823,5593.134,29053.08
02/15/16,03:34:00,1700,1841.523,594.1404,5564.67,28889.85
02/15/16,03:35:00,1700,1840.952,599.6465,5623.385,29211.14
02/15/16,03:36:00,1700,1841.486,592.1532,5530.79,28716.53
02/15/16,03:37:00,1700,1840.958,588.9415,5516.234,28648.15
02/15/16,03:38:00,1700,1840.965,575.7766,5386.797,27974.23
02/15/16,03:39:00,1700,1841.231,596.1512,5574.446,28948.62
02/15/16,03:40:00,1700,1840.958,600.8871,5651.274,29352.54
02/15/16,03:41:00,1700,1841.652,577.6458,5383.524,27952.29
02/15/16,03:42:00,1700,1841.535,580.9246,5440.771,28261.63
02/15/16,03:43:00,1700,1840.462,598.7576,5611.131,29150.43
02/15/16,03:44:00,1700,1840.779,596.1583,5559.18,28868.5
02/15/16,03:45:00,1700,1840.928,582.9858,5451.124,28317.18
02/15/16,03:46:00,1700,1840.8,587.9167,5516.293,28660.16
02/15/16,03:47:00,1700,1840.302,592.1636,5550.147,28851.31
02/15/16,03:48:00,1700,1841.257,588.2768,5514.093,28626.56
02/15/16,03:49:00,1700,1840.968,586.1993,5492.343,28529.04
02/15/16,03:50:00,1700,1841.259,592.1639,5545.411,28821.44
02/15/16,03:51:00,1700,1840.865,594.3055,5567.977,28920.42
02/15/16,03:52:00,1700,1841.245,594.3099,5579.315,28986.17
02/15/16,03:53:00,1700,1842.785,580.915,5407.006,28071.03
02/15/16,03:54:00,1700,1841.542,592.5554,5539.145,28762.56
02/15/16,03:55:00,1700,1841.538,595.0018,5584.033,28979.94
02/15/16,03:56:00,1700,1840.587,594.5643,5578.474,28979.37
02/15/16,03:57:00,1700,1840.972,594.3201,5566.813,28924.35
02/15/16,03:58:00,1700,1840.585,598.8217,5597.346,29086.91
02/15/16,03:59:00,1700,1840.775,596.8115,5590.383,29027.15
02/15/16,04:00:00,1700,1840.991,591.2662,5534.392,28740.36
02/15/16,04:01:00,1700,1840.775,576.1001,5391.123,28002.68
02/15/16,04:02:00,1700,1841.55,584.5369,5462.331,28373.11
02/15/16,04:03:00,1700,1841.33,595.377,5551.461,28812.7
02/15/16,04:04:00,1700,1840.782,589.4962,5532.997,28740.34
02/15/16,04:05:00,1700,1840.78,598.2654,5629.888,29260.11
02/15/16,04:06:00,1700,1841.642,599.9624,5633.354,29259.64
02/15/16,04:07:00,1700,1840.303,600.1985,5632.44,29228.69
02/15/16,04:08:00,1700,1841.472,575.0725,5359.895,27838.39
02/15/16,04:09:00,1700,1840.967,582.2965,5452.104,28323.66
02/15/16,04:10:00,1700,1840.652,584.9965,5471.041,28423.5
02/15/16,04:11:00,1700,1840.983,589.6597,5526.487,28704.66
02/15/16,04:12:00,1700,1841.737,587.3608,5491.806,28515.32
02/15/16,04:13:00,1700,1841.851,594.7744,5574.438,28976.54
02/15/16,04:14:00,1700,1841.257,596.2515,5582.716,28999.33
02/15/16,04:15:00,1700,1841.243,601.6588,5634.643,29256.15
02/15/16,04:16:00,1700,1842.295,572.8492,5332.868,27697.21
02/15/16,04:17:00,1700,1841.27,598.3995,5606.46,29115.66
02/15/16,04:18:00,1700,1840.975,596.1551,5603.36,29093.45
02/15/16,04:19:00,1700,1841.277,596.6771,5579.322,28969.62
02/15/16,04:20:00,1700,1840.956,598.8245,5615.261,29166.3
02/15/16,04:21:00,1700,1841.827,598.0073,5619.518,29194.75
02/15/16,04:22:00,1700,1841.834,594.5707,5573.726,28928.45
02/15/16,04:23:00,1700,1841.299,584.7304,5460.252,28342.96
02/15/16,04:24:00,1700,1841.552,591.1724,5530.873,28716.79
02/15/16,04:25:00,1700,1840.974,596.8073,5583.979,28993.16
02/15/16,04:26:00,1700,1840.963,596.8043,5577.284,28954.05
02/15/16,04:27:00,1700,1840.018,593.8844,5550.185,28834.44
02/15/16,04:28:00,1700,1841.521,589.3737,5506.988,28671.45
02/15/16,04:29:00,1700,1840.991,586.0358,5472.186,28417.98
02/15/16,04:30:00,1700,1840.006,581.8306,5429.73,28288.29
02/15/16,04:31:00,1700,1840.865,594.248,5588.788,29008.58
02/15/16,04:32:00,1700,1841.263,592.8486,5560.027,28951.39
02/15/16,04:33:00,1700,1840.827,595.2232,5587.574,29001.11
02/15/16,04:34:00,1700,1841.547,597.4991,5594.286,28993.29
02/15/16,04:35:00,1700,1840.973,588.1367,5478.944,28451.43
02/15/16,04:36:00,1700,1842.023,584.5674,5461.47,28330.4
02/15/16,04:37:00,1700,1840.304,595.6058,5571.586,28952.29
02/15/16,04:38:00,1700,1841.852,580.1461,5413.821,28100.18
02/15/16,04:39:00,1700,1840.599,592.1718,5539.873,28783.14
02/15/16,04:40:00,1700,1840.814,585.2156,5449.908,28316.99
02/15/16,04:41:00,1700,1842.298,583.5053,5452.178,28295.28
02/15/16,04:42:00,1700,1841.813,594.0104,5555.732,28855.56
02/15/16,04:43:00,1700,1840.971,594.7938,5568.081,28888.57
02/15/16,04:44:00,1700,1840.755,594.4404,5571.483,28934.73
02/15/16,04:45:00,1700,1841.538,589.7112,5528.662,28703.68
02/15/16,04:46:00,1700,1841.557,588.8121,5498.479,28554.17
02/15/16,04:47:00,1700,1840.955,595.7822,5581.359,28991.11
02/15/16,04:48:00,1700,1841.544,574.4229,5370.984,27890.46
02/15/16,04:49:00,1700,1841.541,589.5895,5514.094,28672.2
02/15/16,04:50:00,1700,1840.588,593.6685,5544.075,28800.1
02/15/16,04:51:00,1700,1841.287,594.2697,5572.79,28908.26
02/15/16,04:52:00,1700,1840.77,592.5521,5536.8,28754.8
02/15/16,04:53:00,1700,1841.25,597.826,5586.233,28969.68
02/15/16,04:54:00,1700,1841.971,595.1207,5581.458,28975.65
02/15/16,04:55:00,1700,1841.228,604.4988,5685.098,29453.36
02/15/16,04:56:00,1700,1842.415,594.0188,5562.811,28873.2
02/15/16,04:57:00,1700,1840.61,599.7377,5629.021,29239.24
02/15/16,04:58:00,1700,1841,587.2415,5508.162,28593.71
02/15/16,04:59:00,1700,1840.963,579.5616,5419.391,28150.13
02/15/16,05:00:00,1700,1841.524,580.9381,5447.723,28272.27
02/15/16,05:01:00,1700,1841.248,587.5782,5483.625,28474.21
02/15/16,05:02:00,1700,1841.247,594.3123,5572.91,28907.17
02/15/16,05:03:00,1700,1840.003,592.0005,5571.207,28900.37
02/15/16,05:04:00,1700,1842.284,598.7421,5597.324,29048.54
02/15/16,05:05:00,1700,1842.301,595.3406,5565.979,28879.32
02/15/16,05:06:00,1700,1840.956,593.1931,5557.595,28851.44
02/15/16,05:07:00,1700,1842.013,584.7455,5441.729,28251.02
02/15/16,05:08:00,1700,1841.569,585.0005,5461.381,28357.97
02/15/16,05:09:00,1700,1841.826,593.5441,5528.773,28699.65
02/15/16,05:10:00,1700,1841.247,594.3152,5561.238,28872.95
02/15/16,05:11:00,1700,1840.293,591.088,5526.647,28714.68
02/15/16,05:12:00,1700,1840.781,590.2699,5529.519,28710.2
02/15/16,05:13:00,1700,1840.936,580.5765,5454.506,28310.68
02/15/16,05:14:00,1700,1840.973,596.6785,5594.34,29042.2
02/15/16,05:15:00,1700,1840.598,591.548,5538.522,28772.48
02/15/16,05:16:00,1700,1841.526,598.6536,5590.496,29027.18
02/15/16,05:17:00,1700,1841.247,590.3984,5544.185,28806.34
02/15/16,05:18:00,1700,1842.274,596.9428,5574.642,28929.21
02/15/16,05:19:00,1700,1840.777,598.3969,5605.01,29104.19
02/15/16,05:20:00,1700,1841.23,580.3746,5424.104,28171.21
02/15/16,05:21:00,1700,1840.921,591.5204,5555.985,28862.18
02/15/16,05:22:00,1700,1841.236,595.1328,5564.712,28901.03
02/15/16,05:23:00,1700,1840.743,597.725,5608.78,29132.4
02/15/16,05:24:00,1700,1841.818,600.8835,5623.479,29187.93
02/15/16,05:25:00,1700,1842.303,584.7557,5489.263,28481.31
02/15/16,05:26:00,1700,1840.014,582.0377,5453.852,28336.37
02/15/16,05:27:00,1700,1840.956,593.329,5545.319,28795.6
02/15/16,05:28:00,1700,1840.592,598.0616,5601.947,29099.91
02/15/16,05:29:00,1700,1842.754,570.905,5334.975,27692.96
02/15/16,05:30:00,1700,1840.968,586.3314,5477.709,28464.48
02/15/16,05:31:00,1700,1841.541,597.3661,5603.314,29114.87
02/15/16,05:32:00,1700,1841.233,599.4246,5614.437,29172.44
02/15/16,05:33:00,1700,1841.835,596.6753,5570.239,28924.01
02/15/16,05:34:00,1700,1841.536,567.4182,5264.036,27348.18
02/15/16,05:35:00,1700,1841.182,591.7693,5537.789,28767.97
02/15/16,05:36:00,1700,1841.527,592.0156,5551.375,28827.95
02/15/16,05:37:00,1700,1841.24,595.7767,5600.717,29076.29
02/15/16,05:38:00,1700,1842.217,588.3752,5508.083,28616.13
02/15/16,05:39:00,1700,1841.816,587.0983,5490.455,28522.57
02/15/16,05:40:00,1700,1840.583,595.2075,5579.192,28974.93
02/15/16,05:41:00,1700,1841.83,592.0717,5571.547,28934.98
02/15/16,05:42:00,1700,1840.299,591.7247,5532.873,28743.96
02/15/16,05:43:00,1700,1841.552,569.4549,5299.956,27557.41
02/15/16,05:44:00,1700,1841.246,589.4933,5499.513,28554.16
02/15/16,05:45:00,1700,1842.316,594.1323,5538.587,28767.72
02/15/16,05:46:00,1700,1840.565,594.0071,5568.883,28928
02/15/16,05:47:00,1700,1840.958,593.1002,5550.135,28833.97
02/15/16,05:48:00,1700,1841.244,587.7846,5499.533,28554.35
02/15/16,05:49:00,1700,1841.528,596.463,5591.085,29075.61
02/15/16,05:50:00,1700,1841.79,590.9417,5542.293,28778.12
02/15/16,05:51:00,1700,1841.526,575.8745,5358.231,27804.59
02/15/16,05:52:00,1700,1841.245,589.7856,5508.082,28602.76
02/15/16,05:53:00,1700,1841.541,592.7713,5545.471,28782.5
02/15/16,05:54:00,1700,1841.542,591.9873,5561.289,28872.6
02/15/16,05:55:00,1700,1841.81,595.1288,5559.202,28868.21
02/15/16,05:56:00,1700,1841.994,586.1954,5475.831,28423.1
02/15/16,05:57:00,1700,1840.93,591.9805,5551.37,28827.54
02/15/16,05:58:00,1700,1841.522,594.563,5574.376,28940.91
02/15/16,05:59:00,1700,1840.004,598.6406,5611.874,29159.54
02/15/16,06:00:00,1700,1841.498,591.2637,5541.915,28748.25
02/15/16,06:01:00,1700,1840.768,599.0906,5614.33,29156.38
02/15/16,06:02:00,1700,1841.815,597.8264,5616.605,29159.39
02/15/16,06:03:00,1700,1841.235,596.6708,5595.141,29041.41
02/15/16,06:04:00,1700,1841.25,589.3785,5535.439,28747.72
02/15/16,06:05:00,1700,1840.763,576.7728,5357.793,27851.78
02/15/16,06:06:00,1700,1841.812,600.1084,5627.697,29200.16
02/15/16,06:07:00,1700,1840.952,596.5863,5609.73,29144.69
02/15/16,06:08:00,1700,1841.99,595.6855,5582.644,28975.31
02/15/16,06:09:00,1700,1840.293,588.9331,5516.094,28687.58
02/15/16,06:10:00,1700,1841.534,591.9868,5547.934,28806.15
02/15/16,06:11:00,1700,1840.954,590.5276,5501.708,28680.79
02/15/16,06:12:00,1700,1840.967,596.2402,5578.406,28969.06
02/15/16,06:13:00,1700,1840.953,593.6616,5571.457,28913.64
02/15/16,06:14:00,1700,1840.765,588.3306,5500.525,28575.25
02/15/16,06:15:00,1700,1840.572,595.6787,5602.902,29042.79
02/15/16,06:16:00,1700,1840.969,599.4033,5611.848,29144.88
02/15/16,06:17:00,1700,1840.79,594.2213,5570.302,28941.15
02/15/16,06:18:00,1700,1840.563,590.1356,5522.175,28688.39
02/15/16,06:19:00,1700,1841.819,591.8403,5530.883,28716.46
02/15/16,06:20:00,1700,1841.251,595.6855,5584.054,28985.93
02/15/16,06:21:00,1700,1841.286,580.1593,5424.114,28160.97
02/15/16,06:22:00,1700,1840.96,590.6932,5523.102,28675.56
02/15/16,06:23:00,1700,1840.766,596.1522,5570.229,28934.41
02/15/16,06:24:00,1700,1840.768,599.8572,5623.55,29208.35
02/15/16,06:25:00,1700,1841.813,595.2053,5584.87,28992.26
02/15/16,06:26:00,1700,1840.748,595.1359,5581.401,29014.25
02/15/16,06:27:00,1700,1841.984,592.9626,5548.726,28805.98
02/15/16,06:28:00,1700,1841.236,600.6698,5627.714,29215.49
02/15/16,06:29:00,1700,1840.286,578.1076,5402.747,28064.93
02/15/16,06:30:00,1700,1841.26,587.2281,5510.657,28615.92
02/15/16,06:31:00,1700,1841.266,590.4747,5543.237,28788.81
02/15/16,06:32:00,1700,1841.234,586.0231,5499,28597.39
02/15/16,06:33:00,1700,1841.526,589.0509,5509.387,28574.98
02/15/16,06:34:00,1700,1841.541,591.4764,5542.177,28799.15
02/15/16,06:35:00,1700,1840.958,589.0589,5520.853,28682.23
02/15/16,06:36:00,1700,1841.55,581.7031,5438.695,28242.61
02/15/16,06:37:00,1700,1840.585,589.358,5522.234,28688.28
02/15/16,06:38:00,1700,1841.538,594.563,5554.319,28851.12
02/15/16,06:39:00,1700,1840.792,591.7344,5534.398,28748.81
02/15/16,06:40:00,1700,1841.257,592.971,5554.355,28851
02/15/16,06:41:00,1700,1841.299,591.8615,5536.771,28748.4
02/15/16,06:42:00,1700,1841.238,592.5475,5543.24,28782.63
02/15/16,06:43:00,1700,1841.549,592.4182,5544.101,28795.71
02/15/16,06:44:00,1700,1840.739,582.6017,5437.457,28251.19
02/15/16,06:45:00,1700,1841.239,591.9839,5522.143,28668.88
02/15/16,06:46:00,1700,1841.634,597.5527,5608.769,29138.06
02/15/16,06:47:00,1700,1842.004,587.5674,5507.972,28609.12
02/15/16,06:48:00,1700,1840.953,585.2037,5481.417,28467.64
02/15/16,06:49:00,1700,1841.735,588.6005,5482.614,28475.64
02/15/16,06:50:00,1700,1840.92,588.2507,5503.678,28587.52
02/15/16,06:51:00,1700,1840.59,590.2346,5528.589,28726.43
02/15/16,06:52:00,1700,1841.516,588.5986,5490.486,28515.32
02/15/16,06:53:00,1700,1840.96,593.1874,5555.588,28851.23
02/15/16,06:54:00,1700,1842.001,579.4557,5418.612,28126.38
02/15/16,06:55:00,1700,1840.951,580.4988,5424.008,28177.48
02/15/16,06:56:00,1700,1840.021,586.4807,5493.377,28540.69
02/15/16,06:57:00,1700,1840.746,592.1558,5539.778,28777.93
02/15/16,06:58:00,1700,1840.958,591.5959,5532.074,28733.4
02/15/16,06:59:00,1700,1840.774,590.1392,5510.792,28615.22
02/15/16,07:00:00,1700,1840.03,596.6664,5613.14,29159.62
02/15/16,07:01:00,1700,1841.824,593.1863,5568.936,28913.15
02/15/16,07:02:00,1700,1841.797,580.4904,5433.126,28205.17
02/15/16,07:03:00,1700,1840.967,589.9397,5547.942,28816.79
02/15/16,07:04:00,1700,1840.463,577.557,5381.222,27952.23
02/15/16,07:05:00,1700,1842.014,588.6023,5511.936,28619.81
02/15/16,07:06:00,1700,1840.955,589.5669,5514.268,28634.33
02/15/16,07:07:00,1700,1840.76,586.6628,5477.333,28440.14
02/15/16,07:08:00,1700,1841.514,583.8777,5485.725,28489.43
02/15/16,07:09:00,1700,1839.999,584.8123,5478.757,28450.79
02/15/16,07:10:00,1700,1840.759,586.0701,5473.299,28435.94
02/15/16,07:11:00,1700,1841.566,582.3604,5448.37,28333.73
02/15/16,07:12:00,1700,1841.511,586.4482,5491.75,28515
02/15/16,07:13:00,1700,1840.546,563.2641,5258.085,27319.96
02/15/16,07:14:00,1700,1840.963,595.7728,5594.109,29052.14
02/15/16,07:15:00,1700,1840.754,589.3529,5500.36,28564.4
02/15/16,07:16:00,1700,1841.522,586.6598,5475.854,28439.91
02/15/16,07:17:00,1700,1841.306,587.4803,5509.356,28615.64
02/15/16,07:18:00,1700,1841.804,588.1213,5502.668,28541.04
02/15/16,07:19:00,1700,1843.171,589.5812,5519.788,28681.95
02/15/16,07:20:00,1700,1840.004,577.4535,5393.305,28036.38
02/15/16,07:21:00,1700,1841.984,578.6837,5413.825,28113.22
02/15/16,07:22:00,1700,1841.827,586.3256,5473.996,28418.14
02/15/16,07:23:00,1700,1841.248,589.4883,5508.023,28615.83
02/15/16,07:24:00,1700,1841.251,586.8024,5498.448,28554.07
02/15/16,07:25:00,1700,1840.97,588.6765,5505.101,28603.23
02/15/16,07:26:00,1700,1841.282,588.5923,5504.34,28613.43
02/15/16,07:27:00,1700,1841.253,583.7502,5439.961,28251.03
02/15/16,07:28:00,1700,1840.955,581.6125,5424.293,28171.5
02/15/16,07:29:00,1700,1840.738,572.1404,5346.944,27773.69
02/15/16,07:30:00,1700,1840.949,589.3215,5538.506,28778.01
02/15/16,07:31:00,1700,1841.268,590.1161,5535.514,28779
02/15/16,07:32:00,1700,1840.288,586.8859,5498.197,28564.19
02/15/16,07:33:00,1700,1839.331,586.0667,5498.197,28574.79
02/15/16,07:34:00,1700,1841.256,585.1912,5478.596,28457.14
02/15/16,07:35:00,1700,1840.758,587.5675,5492.15,28557.44
02/15/16,07:36:00,1700,1840.053,589.91,5518.876,28718.1
02/15/16,07:37:00,1700,1841.247,584.1846,5480.174,28430.04
02/15/16,07:38:00,1700,1841.821,582.0402,5453.265,28306.12
02/15/16,07:39:00,1700,1841.239,570.8282,5322.386,27697.75
02/15/16,07:40:00,1700,1840.897,584.5289,5448.578,28299.68
02/15/16,07:41:00,1700,1841.143,587.6477,5494.121,28625.96
02/15/16,07:42:00,1700,1840.567,584.0483,5457.605,28361.59
02/15/16,07:43:00,1700,1841.544,584.8723,5456.838,28330.16
02/15/16,07:44:00,1700,1841.25,587.9141,5509.332,28609.12
02/15/16,07:45:00,1700,1841.232,587.4833,5493.176,28536.42
02/15/16,07:46:00,1700,1840.567,595.0006,5555.764,28862.71
02/15/16,07:47:00,1700,1840.984,589.5833,5512.042,28626.78
02/15/16,07:48:00,1700,1841.071,583.7616,5473.305,28451.25
02/15/16,07:49:00,1700,1841.266,588.3478,5519.729,28667.47
02/15/16,07:50:00,1700,1840.022,591.8605,5550.135,28846.94
02/15/16,07:51:00,1700,1841.185,586.7996,5496.148,28536.56
02/15/16,07:52:00,1700,1840.774,579.5534,5426.207,28169.94
02/15/16,07:53:00,1700,1840.971,588.2723,5497.313,28540.96
02/15/16,07:54:00,1700,1840.962,573.4826,5360.464,27811.32
02/15/16,07:55:00,1700,1840.964,588.4722,5522.191,28675.99
02/15/16,07:56:00,1700,1839.988,588.5682,5523.996,28709.78
02/15/16,07:57:00,1700,1842.304,583.0753,5447.789,28278.4
02/15/16,07:58:00,1700,1841.214,587.0198,5475.872,28441.15
02/15/16,07:59:00,1700,1841.238,589.0567,5511.908,28619.99
02/15/16,08:00:00,1700,1841.529,586.662,5492.166,28523.9
02/15/16,08:01:00,1700,1840.954,577.6862,5425.49,28186.85
02/15/16,08:02:00,1700,1840.98,588.1321,5479.56,28495.88
02/15/16,08:03:00,1700,1840.936,591.2635,5523.944,28699.19
02/15/16,08:04:00,1700,1841.991,593.7465,5555.414,28860.73
02/15/16,08:05:00,1700,1840.983,590.1323,5516.19,28648.01
02/15/16,08:06:00,1700,1841.469,587.9296,5525.329,28693.35
02/15/16,08:07:00,1700,1840.79,589.0633,5529.605,28727.18
02/15/16,08:08:00,1700,1840.667,570.673,5343.169,27748.83
02/15/16,08:09:00,1700,1841.257,591.6068,5544.941,28817.06
02/15/16,08:10:00,1700,1840.302,590.9529,5516.266,28660.73
02/15/16,08:11:00,1700,1840.965,590.8118,5526.296,28692.48
02/15/16,08:12:00,1700,1841.531,580.1516,5424.109,28158.32
02/15/16,08:13:00,1700,1841.545,564.9755,5242.987,27213.67
02/15/16,08:14:00,1700,1840.963,587.5754,5505.019,28575.37
02/15/16,08:15:00,1700,1840.979,580.8522,5403.644,28053.75
02/15/16,08:16:00,1700,1842,587.4607,5501.659,28557.44
02/15/16,08:17:00,1700,1841.996,586.8766,5492.216,28515.14
02/15/16,08:18:00,1700,1841.582,590.947,5529.444,28709.54
02/15/16,08:19:00,1700,1842.006,586.8829,5512.764,28602.88
02/15/16,08:20:00,1700,1841.819,590.6934,5548.811,28805.79
02/15/16,08:21:00,1700,1840.546,588.2789,5493.673,28547.42
02/15/16,08:22:00,1700,1842.011,586.0738,5477.704,28440.68
02/15/16,08:23:00,1700,1841.528,590.4595,5532.163,28720.54
02/15/16,08:24:00,1700,1841.549,589.0593,5514.07,28626.07
02/15/16,08:25:00,1700,1841.834,583.0707,5448.59,28288.88
02/15/16,08:26:00,1700,1840.931,581.7305,5437.315,28244.08
02/15/16,08:27:00,1700,1840.978,588.4694,5503.802,28587.96
02/15/16,08:28:00,1700,1840.635,591.2604,5543.23,28789.49
02/15/16,08:29:00,1700,1841.548,587.1046,5509.416,28609.64
02/15/16,08:30:00,1700,1840.957,590.8289,5553.461,28833.91
02/15/16,08:31:00,1700,1840.975,579.6904,5407.081,28092.46
02/15/16,08:32:00,1700,1840.591,588.478,5503.711,28592.24
02/15/16,08:33:00,1700,1841.234,587.3586,5487.857,28485.37
02/15/16,08:34:00,1700,1841.815,587.5642,5501.583,28557.83
02/15/16,08:35:00,1700,1840.586,586.8881,5471.132,28423.71
02/15/16,08:36:00,1700,1841.266,580.7175,5427.104,28184.31
02/15/16,08:37:00,1700,1841.802,586.7756,5494.751,28541.12
02/15/16,08:38:00,1700,1841.987,583.0061,5437.457,28222.78
02/15/16,08:39:00,1700,1841.265,590.6819,5517.563,28647.92
02/15/16,08:40:00,1700,1841.556,590.6174,5514.962,28637.46
02/15/16,08:41:00,1700,1841.55,586.2302,5483.699,28468.43
02/15/16,08:42:00,1700,1840.958,575.4474,5374.363,27939.35
02/15/16,08:43:00,1700,1839.761,585.0439,5481.931,28482.48
02/15/16,08:44:00,1700,1840.001,597.0521,5603.141,29099.23
02/15/16,08:45:00,1700,1841.541,592.074,5534.192,28743.8
02/15/16,08:46:00,1700,1842.125,590.8309,5523.799,28676.26
02/15/16,08:47:00,1700,1840.946,584.1816,5455.42,28323.11
02/15/16,08:48:00,1700,1840.801,592.2923,5524.127,28799.6
02/15/16,08:49:00,1700,1842.287,587.1021,5481.553,28457.82
02/15/16,08:50:00,1700,1841.237,578.916,5415.561,28204.73
02/15/16,08:51:00,1700,1841.635,592.8245,5542.403,28782.53
02/15/16,08:52:00,1700,1841.823,591.1728,5538.856,28833.52
02/15/16,08:53:00,1700,1840.578,589.585,5527.878,28709.58
02/15/16,08:54:00,1700,1840.598,586.205,5486.18,28503.01
02/15/16,08:55:00,1700,1841.256,591.8596,5532.159,28720.56
02/15/16,08:56:00,1700,1841.267,593.3186,5540.27,28778.12
02/15/16,08:57:00,1700,1840.961,580.5031,5421.507,28171.16
02/15/16,08:58:00,1700,1840.772,583.7474,5457.579,28365.65
02/15/16,08:59:00,1700,1840.768,578.7864,5397.982,28040.43
02/15/16,09:00:00,1700,1841.532,589.2303,5527.881,28721.19
02/15/16,09:01:00,1700,1841.518,588.1218,5487.918,28489.71
02/15/16,09:02:00,1700,1841.254,567.5559,5294.246,27506.07
02/15/16,09:03:00,1700,1840.762,579.5488,5391.059,27997.75
02/15/16,09:04:00,1700,1840.019,583.6296,5460.021,28372.5
02/15/16,09:05:00,1700,1841.574,588.6748,5518.429,28648.29
02/15/16,09:06:00,1700,1840.976,586.7982,5507.637,28603.33
02/15/16,09:07:00,1700,1841.551,587.0195,5494.873,28529
02/15/16,09:08:00,1700,1840.972,590.8318,5532.144,28738.57
02/15/16,09:09:00,1700,1841.261,578.5779,5400.542,28078.39
02/15/16,09:10:00,1700,1840.316,584.3105,5464.495,28379.29
02/15/16,09:11:00,1700,1840.589,586.6744,5489.165,28479.91
02/15/16,09:12:00,1700,1840.961,587.5688,5499.516,28564.35
02/15/16,09:13:00,1700,1841.218,582.6121,5451.742,28244.7
02/15/16,09:14:00,1700,1840.765,586.6687,5489.172,28515.32
02/15/16,09:15:00,1700,1840.94,590.5508,5531.146,28815.7
02/15/16,09:16:00,1700,1842.307,576.3514,5400.273,27998.09
02/15/16,09:17:00,1700,1841.244,589.3576,5509.284,28609.3
02/15/16,09:18:00,1700,1841.869,590.6979,5533.246,28733.81
02/15/16,09:19:00,1700,1841.821,586.1982,5478.868,28445.48
02/15/16,09:20:00,1700,1840.573,574.072,5351.722,27797.96
02/15/16,09:21:00,1700,1841.518,586.1937,5487.896,28508.95
02/15/16,09:22:00,1700,1840.592,589.4945,5510.645,28626.81
02/15/16,09:23:00,1700,1840.79,583.9785,5457.496,28350.62
02/15/16,09:24:00,1700,1841.818,586.8,5475.928,28430.09
02/15/16,09:25:00,1700,1841.844,586.8892,5497.369,28541.31
02/15/16,09:26:00,1700,1840.959,586.3243,5474.653,28440.51
02/15/16,09:27:00,1700,1841.809,591.5121,5524.051,28692.83
02/15/16,09:28:00,1700,1840.567,590.2604,5522.18,28688.61
02/15/16,09:29:00,1700,1841.539,590.9569,5545.462,28789.06
02/15/16,09:30:00,1700,1841.831,589.5532,5512.865,28626.81
02/15/16,09:31:00,1700,1840.306,589.4956,5528.567,28724.17
02/15/16,09:32:00,1700,1840.757,589.3598,5514.086,28722.79
02/15/16,09:33:00,1700,1841.544,569.8969,5318.823,27593.63
02/15/16,09:34:00,1700,1840.969,564.3092,5249.298,27269.02
02/15/16,09:35:00,1700,1840.972,590.4202,5510.688,28626.65
02/15/16,09:36:00,1700,1840.322,589.9309,5538.72,28741.7
02/15/16,09:37:00,1700,1840.769,586.0716,5477.629,28444.53
02/15/16,09:38:00,1700,1840.761,588.0494,5494.713,28509.57
02/15/16,09:39:00,1700,1841.818,582.5176,5464.421,28362.3
02/15/16,09:40:00,1700,1840.962,580.9294,5421.626,28158.6
02/15/16,09:41:00,1700,1841.835,583.7658,5461.414,28389.76
02/15/16,09:42:00,1700,1840.972,590.7104,5527.808,28740.13
02/15/16,09:43:00,1700,1840.777,585.327,5477.244,28438.17
02/15/16,09:44:00,1700,1840.303,591.9968,5536.807,28772.14
02/15/16,09:45:00,1700,1841.419,586.8831,5499.518,28553.69
02/15/16,09:46:00,1700,1841.837,589.3676,5514.212,28630.32
02/15/16,09:47:00,1700,1840.96,586.0375,5477.198,28440.97
02/15/16,09:48:00,1700,1841.28,588.6135,5528.198,28734.38
02/15/16,09:49:00,1700,1842.023,579.9547,5422.835,28159.21
02/15/16,09:50:00,1700,1840.981,569.7187,5314.907,27613.71
02/15/16,09:51:00,1700,1840.971,586.0339,5476.992,28474.83
02/15/16,09:52:00,1700,1842.285,587.1046,5483.679,28481.22
02/15/16,09:53:00,1700,1841.538,587.1184,5487.015,28490.42
02/15/16,09:54:00,1700,1840.605,585.7772,5481.573,28489.95
02/15/16,09:55:00,1700,1841.268,591.3967,5522.222,28693.34
02/15/16,09:56:00,1700,1841.26,590.5334,5524.067,28688.34
02/15/16,09:57:00,1700,1840.603,591.0956,5537.826,28761.43
02/15/16,09:58:00,1700,1841.988,577.9955,5384.218,27895.6
02/15/16,09:59:00,1700,1840.784,564.4033,5268.709,27371.39
02/15/16,10:00:00,1700,1841.561,579.2491,5427.17,28184.48
02/15/16,10:01:00,1700,1841.546,587.6204,5519.379,28691.8
02/15/16,10:02:00,1700,1840.594,584.746,5458.892,28344.97
02/15/16,10:03:00,1700,1842.074,580.5712,5410.929,28082.3
02/15/16,10:04:00,1700,1840.955,583.98,5480.196,28451.41
02/15/16,10:05:00,1700,1840.596,584.6575,5483.542,28485.67
02/15/16,10:06:00,1700,1841.845,586.0433,5482.338,28464.49
02/15/16,10:07:00,1700,1841.84,582.6089,5440.886,28250.71
02/15/16,10:08:00,1700,1842.303,571.1616,5334.949,27687.47
02/15/16,10:09:00,1700,1840.966,586.2043,5470.233,28413.64
02/15/16,10:10:00,1700,1840.034,587.2364,5499.561,28568.79
02/15/16,10:11:00,1700,1840.782,587.3633,5499.55,28564.82
02/15/16,10:12:00,1700,1842.009,580.3844,5417.214,28126.44
02/15/16,10:13:00,1700,1840.778,587.5779,5482.337,28489.8
02/15/16,10:14:00,1700,1840.788,588.6836,5532.137,28754.71
02/15/16,10:15:00,1700,1842.319,588.4683,5518.32,28654.58
02/15/16,10:16:00,1700,1840.967,589.4963,5513.38,28664.71
02/15/16,10:17:00,1700,1840.928,588.8091,5511.983,28644.14
02/15/16,10:18:00,1700,1841.128,590.3959,5551.804,28821.27
02/15/16,10:19:00,1700,1840.783,588.9445,5511.986,28637.27
02/15/16,10:20:00,1700,1841.273,583.2217,5461.728,28252.46
02/15/16,10:21:00,1700,1840.967,584.5361,5471.093,28395.94
02/15/16,10:22:00,1700,1840.565,587.0104,5511.27,28636.04
02/15/16,10:23:00,1700,1841.986,583.6318,5449.901,28296.41
02/15/16,10:24:00,1700,1840.781,585.777,5476.84,28445.04
02/15/16,10:25:00,1700,1841.266,591.598,5535.546,28744.43
02/15/16,10:26:00,1700,1841.836,587.5781,5489.389,28503.25
02/15/16,10:27:00,1700,1841.554,589.7118,5517.624,28648.29
02/15/16,10:28:00,1700,1841.559,588.6901,5503.819,28576.22
02/15/16,10:29:00,1700,1840.795,587.1062,5501.677,28575.43
02/15/16,10:30:00,1700,1841.472,590.2161,5523.974,28692.93
02/15/16,10:31:00,1700,1841.55,583.8911,5467.187,28394.26
02/15/16,10:32:00,1700,1839.73,588.6857,5489.348,28524.4
02/15/16,10:33:00,1700,1839.768,590.5958,5523.979,28664.31
02/15/16,10:34:00,1700,1840.79,564.6639,5259.526,27297.19
02/15/16,10:35:00,1700,1840.771,584.4459,5487.926,28515.23
02/15/16,10:36:00,1700,1841.544,588.4794,5518.401,28654.35
02/15/16,10:37:00,1700,1841.819,588.0427,5508.093,28609.3
02/15/16,10:38:00,1700,1840.293,587.5439,5512.768,28643.77
02/15/16,10:39:00,1700,1841.824,583.9774,5453.238,28337.89
02/15/16,10:40:00,1700,1840.78,586.5366,5471.263,28430.18
02/15/16,10:41:00,1700,1841.548,586.55,5497.439,28558.43
02/15/16,10:42:00,1700,1841.259,585.9052,5480.244,28451.78
02/15/16,10:43:00,1700,1841.267,581.1514,5433.316,28278.29
02/15/16,10:44:00,1700,1840.972,587.6661,5494.846,28541.37
02/15/16,10:45:00,1700,1840.782,590.3988,5522.873,28667.55
02/15/16,10:46:00,1700,1840.798,585.3478,5491.828,28524.14
02/15/16,10:47:00,1700,1840.59,588.2625,5492.038,28530.84
02/15/16,10:48:00,1700,1839.639,587.6425,5512.927,28631.09
02/15/16,10:49:00,1700,1840.784,565.0955,5264.525,27360.32
02/15/16,10:50:00,1700,1841.241,585.7792,5508.125,28603.56
02/15/16,10:51:00,1700,1840.968,588.605,5489.27,28515.17
02/15/16,10:52:00,1700,1840.982,586.3408,5492.296,28537.19
02/15/16,10:53:00,1700,1840.326,585.3505,5453.502,28336.65
02/15/16,10:54:00,1700,1840.978,589.0714,5508.159,28616.27
02/15/16,10:55:00,1700,1841.848,582.52,5444.125,28228.05
02/15/16,10:56:00,1700,1841.546,585.4349,5471.153,28464.14
02/15/16,10:57:00,1700,1841.828,584.5299,5458.895,28358.07
02/15/16,10:58:00,1700,1841.261,567.3687,5274.161,27398.46
02/15/16,10:59:00,1700,1840.983,573.4857,5354.367,27817.75
02/15/16,11:00:00,1700,1840.307,585.1026,5488.874,28497.1
02/15/16,11:01:00,1700,1840.984,587.2339,5481.465,28468.69
02/15/16,11:02:00,1700,1841.546,579.0098,5384.829,27974.38
02/15/16,11:03:00,1700,1841.552,583.1431,5462.294,28372.72
02/15/16,11:04:00,1700,1840.787,586.8083,5515,28631.45
02/15/16,11:05:00,1700,1841.547,585.3193,5475.943,28441.09
02/15/16,11:06:00,1700,1841.537,579.0067,5413.221,28136.86
02/15/16,11:07:00,1700,1840.462,580.0408,5421.636,28165.35
02/15/16,11:08:00,1700,1841.836,584.4713,5453.432,28335.79
02/15/16,11:09:00,1700,1841.842,573.0566,5353.085,27832.61
02/15/16,11:10:00,1700,1840.344,590.2795,5518.439,28685.41
02/15/16,11:11:00,1700,1840.6,588.6811,5514.972,28648.51
02/15/16,11:12:00,1700,1840.989,586.8082,5507.761,28609.68
02/15/16,11:13:00,1700,1840.604,581.5011,5436.605,28244.98
02/15/16,11:14:00,1700,1841.818,585.7789,5472.089,28409.35
02/15/16,11:15:00,1700,1841.548,581.8419,5437.494,28237.95
02/15/16,11:16:00,1700,1841.833,559.2464,5212.488,27068.57
02/15/16,11:17:00,1700,1841.276,576.3564,5377.929,27927.16
02/15/16,11:18:00,1700,1841.258,580.9455,5425.528,28171.45
02/15/16,11:19:00,1700,1841.816,586.202,5492.26,28519.54
02/15/16,11:20:00,1700,1840.756,584.4563,5482.328,28481.05
02/15/16,11:21:00,1700,1840.942,585.4298,5482.212,28468.33
02/15/16,11:22:00,1700,1841.531,587.7881,5497.306,28540.89
02/15/16,11:23:00,1700,1842.303,571.3554,5325.918,27652.83
02/15/16,11:24:00,1700,1841.531,578.7043,5405.654,28085.51
02/15/16,11:25:00,1700,1840.979,585.8923,5483.523,28465.81
02/15/16,11:26:00,1700,1841.826,586.6757,5482.364,28474.7
02/15/16,11:27:00,1700,1840.758,583.6259,5451.07,28310.19
02/15/16,11:28:00,1700,1840.597,593.2009,5563.781,28913.63
02/15/16,11:29:00,1700,1840.79,586.6802,5481.503,28468.89
02/15/16,11:30:00,1700,1841.238,580.1705,5412.159,28105.6
02/15/16,11:31:00,1700,1842.013,561.353,5227.086,27141.15
02/15/16,11:32:00,1700,1841.514,579.6995,5425.402,28192.93
02/15/16,11:33:00,1700,1840.3,588.6761,5509.484,28647.7
02/15/16,11:34:00,1700,1842.012,575.6644,5382.143,27939.94
02/15/16,11:35:00,1700,1840.983,582.9886,5446.479,28288.74
02/15/16,11:36:00,1700,1841.987,583.5101,5449.94,28289.46
02/15/16,11:37:00,1700,1841.836,587.0248,5493.519,28524.21
02/15/16,11:38:00,1700,1841.256,582.3082,5446.581,28289.85
02/15/16,11:39:00,1700,1840.963,578.2375,5385.556,27974.29
02/15/16,11:40:00,1700,1841.556,587.577,5472.748,28379.6
02/15/16,11:41:00,1700,1842.02,584.5375,5449.861,28295.77
02/15/16,11:42:00,1700,1841.257,562.0537,5213.398,27102.54
02/15/16,11:43:00,1700,1839.734,578.9185,5408.284,28077.38
02/15/16,11:44:00,1700,1840.589,587.1047,5493.542,28536.69
02/15/16,11:45:00,1700,1841.263,586.6711,5510.658,28616.12
02/15/16,11:46:00,1700,1841.243,585.3455,5499.417,28557.85
02/15/16,11:47:00,1700,1841.258,575.3347,5388.183,27991.13
02/15/16,11:48:00,1700,1840.973,589.3511,5514.804,28647.88
02/15/16,11:49:00,1700,1842.006,588.8999,5518.471,28667.21
02/15/16,11:50:00,1700,1840.745,581.6813,5428.429,28183.84
02/15/16,11:51:00,1700,1840.577,553.9087,5142.646,26712.51
02/15/16,11:52:00,1700,1840.636,585.2101,5487.913,28448.67
02/15/16,11:53:00,1700,1840.958,585.5524,5454.269,28317.69
02/15/16,11:54:00,1700,1841.254,585.0845,5477.204,28419.09
02/15/16,11:55:00,1700,1840.99,572.4879,5369.955,27883.35
02/15/16,11:56:00,1700,1840.978,578.704,5436.553,28237.95
02/15/16,11:57:00,1700,1840.589,585.2203,5454.643,28336.72
02/15/16,11:58:00,1700,1840.781,585.0879,5477.333,28440.07
02/15/16,11:59:00,1700,1841.533,586.2006,5477.15,28440.84
02/15/16,12:00:00,1700,1842.021,579.2592,5405.834,28085.26
02/15/16,12:01:00,1700,1840.97,585.0048,5477.566,28445
02/15/16,12:02:00,1700,1840.542,588.2573,5504.235,28630.18
02/15/16,12:03:00,1700,1841.271,580.7278,5426.426,28183.13
02/15/16,12:04:00,1700,1841.255,576.9079,5403.569,28064.22
02/15/16,12:05:00,1700,1840.731,563.1516,5255.505,27303.44
02/15/16,12:06:00,1700,1841.247,580.5887,5410.697,28091.81
02/15/16,12:07:00,1700,1841.229,582.4955,5451.122,28299.9
02/15/16,12:08:00,1700,1840.974,586.4612,5491.3,28457.15
02/15/16,12:09:00,1700,1840.295,585.4294,5506.358,28602.97
02/15/16,12:10:00,1700,1840.948,586.993,5507.943,28614.79
02/15/16,12:11:00,1700,1840.773,584.6154,5460.186,28357.67
02/15/16,12:12:00,1700,1840.953,583.289,5447.728,28295.78
02/15/16,12:13:00,1700,1840.012,575.8767,5354.333,27832.42
02/15/16,12:14:00,1700,1840.3,588.9808,5523.944,28667.09
02/15/16,12:15:00,1700,1840.577,593.3206,5559.9,28890.88
02/15/16,12:16:00,1700,1842.278,576.6412,5370.109,27883.78
02/15/16,12:17:00,1700,1840.633,574.5013,5370.967,27897.43
02/15/16,12:18:00,1700,1840.785,583.7568,5473.29,28429.58
02/15/16,12:19:00,1700,1842.316,588.1359,5498.278,28521.5
02/15/16,12:20:00,1700,1842.003,580.8995,5429.78,28192.7
02/15/16,12:21:00,1700,1841.542,586.4613,5469.042,28434.6
02/15/16,12:22:00,1700,1840.978,586.0636,5471.239,28422.02
02/15/16,12:23:00,1700,1840.978,588.1362,5500.367,28636.71
02/15/16,12:24:00,1700,1841.244,585.5516,5480.193,28457.56
02/15/16,12:25:00,1700,1841.538,588.934,5503.784,28573.18
02/15/16,12:26:00,1700,1841.254,571.302,5331.565,27693.09
02/15/16,12:27:00,1700,1841.243,577.4804,5407.177,28042.72
02/15/16,12:28:00,1700,1840.598,584.7502,5466.96,28396.6
02/15/16,12:29:00,1700,1841.849,582.8688,5447.725,28311.22
02/15/16,12:30:00,1700,1840.274,584.7466,5460.176,28362.97
02/15/16,12:31:00,1700,1840.774,584.7435,5447.74,28295.69
02/15/16,12:32:00,1700,1841.87,587.0209,5478.907,28445.32
02/15/16,12:33:00,1700,1842.013,574.5122,5360.812,27826.08
02/15/16,12:34:00,1700,1840.959,579.1373,5435.259,28237.79
02/15/16,12:35:00,1700,1840.957,586.14,5473.28,28429.67
02/15/16,12:36:00,1700,1840.775,587.4908,5512.893,28643.75
02/15/16,12:37:00,1700,1840.775,581.1542,5428.431,28196.85
02/15/16,12:38:00,1700,1841.257,586.0359,5487.093,28489.72
02/15/16,12:39:00,1700,1840.784,588.6761,5494.856,28547.62
02/15/16,12:40:00,1700,1840.775,573.4916,5362.082,27860.77
02/15/16,12:41:00,1700,1841.815,587.5696,5489.088,28489.86
02/15/16,12:42:00,1700,1841.251,586.0268,5474.64,28425.24
02/15/16,12:43:00,1700,1840.969,585.5582,5473.336,28430.27
02/15/16,12:44:00,1700,1840.573,585.2338,5480.165,28474.71
02/15/16,12:45:00,1700,1841.56,561.9154,5220.368,27113.72
02/15/16,12:46:00,1700,1840.98,589.9276,5514.981,28644.08
02/15/16,12:47:00,1700,1841.337,574.4976,5350.846,27787.03
02/15/16,12:48:00,1700,1841.549,583.4169,5454.599,28317.28
02/15/16,12:49:00,1700,1840.777,584.3305,5466.626,28402.73
02/15/16,12:50:00,1700,1840.78,587.3589,5509.39,28620.29
02/15/16,12:51:00,1700,1841.284,586.5841,5475.941,28440.73
02/15/16,12:52:00,1700,1840.582,588.0488,5503.476,28580.64
02/15/16,12:53:00,1700,1841.252,562.3764,5255.322,27297.21
02/15/16,12:54:00,1700,1841.837,583.8809,5449.079,28303.3
02/15/16,12:55:00,1700,1840.579,587.6577,5497.314,28530.35
02/15/16,12:56:00,1700,1841.52,585.9036,5475.903,28429.64
02/15/16,12:57:00,1700,1841.242,584.6091,5460.217,28362.11
02/15/16,12:58:00,1700,1840.757,586.0734,5487.88,28502.35
02/15/16,12:59:00,1700,1841.263,581.1365,5439.718,28242.72
02/15/16,13:00:00,1700,1840.637,585.771,5496.026,28547.52
02/15/16,13:01:00,1700,1841.143,578.08,5393.705,28025.34
02/15/16,13:02:00,1700,1841.91,564.8257,5270.731,27375.57
02/15/16,13:03:00,1700,1841.5,579.6865,5417.257,28132.77
02/15/16,13:04:00,1700,1840.879,582.7301,5446.442,28292.16
02/15/16,13:05:00,1700,1840.952,578.448,5395.975,28036.49
02/15/16,13:06:00,1700,1841.833,570.4743,5322.633,27620.06
02/15/16,13:07:00,1700,1842,583.7554,5447.696,28289.44
02/15/16,13:08:00,1700,1840.055,586.9892,5487.146,28502.7
02/15/16,13:09:00,1700,1841.253,587.9126,5514.111,28637.05
02/15/16,13:10:00,1700,1840.984,576.9079,5410.844,28109.28
02/15/16,13:11:00,1700,1840.986,562.4664,5257.406,27333.64
02/15/16,13:12:00,1700,1842.289,585.9013,5472.11,28409.45
02/15/16,13:13:00,1700,1840.756,586.0142,5468.758,28406.43
02/15/16,13:14:00,1700,1841.552,584.619,5465.825,28390.51
02/15/16,13:15:00,1700,1841.254,582.7353,5467.767,28402.91
02/15/16,13:16:00,1700,1840.799,580.7242,5435.375,28238.14
02/15/16,13:17:00,1700,1842.586,567.0859,5253.393,27263.78
02/15/16,13:18:00,1700,1840.57,563.504,5247.403,27261.34
02/15/16,13:19:00,1700,1840.779,580.0286,5424.219,28178.04
02/15/16,13:20:00,1700,1840.975,584.7347,5462.474,28372.1
02/15/16,13:21:00,1700,1841.24,580.7193,5416.081,28133.14
02/15/16,13:22:00,1700,1841.821,581.153,5431.923,28233.65
02/15/16,13:23:00,1700,1840.293,586.8843,5475.992,28440.74
02/15/16,13:24:00,1700,1840.962,576.2209,5384.733,27934.03
02/15/16,13:25:00,1700,1840.036,581.9716,5443.097,28278.49
02/15/16,13:26:00,1700,1840.305,587.0157,5480.19,28451.95
02/15/16,13:27:00,1700,1840.18,582.966,5431.947,28216.82
02/15/16,13:28:00,1700,1841.247,584.7396,5462.305,28396.05
02/15/16,13:29:00,1700,1841.595,583.4189,5451.962,28306.38
02/15/16,13:30:00,1700,1841.235,583.0756,5455.205,28323.6
02/15/16,13:31:00,1700,1840.912,581.7017,5441.681,28272.23
02/15/16,13:32:00,1700,1841.566,581.8247,5436.541,28199.4
02/15/16,13:33:00,1700,1840.773,586.0281,5492.211,28536.84
02/15/16,13:34:00,1700,1841.707,567.0936,5260.915,27314.17
02/15/16,13:35:00,1700,1841.249,582.1744,5451.152,28323.55
02/15/16,13:36:00,1700,1840.314,576.905,5387.601,28006.11
02/15/16,13:37:00,1700,1841.262,582.9306,5437.313,28250.98
02/15/16,13:38:00,1700,1841.831,587.8048,5516.128,28644.08
02/15/16,13:39:00,1700,1841.249,585.6641,5493.579,28536.78
02/15/16,13:40:00,1700,1840.313,583.1671,5460.149,28362.13
02/15/16,13:41:00,1700,1840.77,576.7788,5377.883,27933.42
02/15/16,13:42:00,1700,1841.533,587.2263,5490.055,28515.23
02/15/16,13:43:00,1700,1840.98,587.2382,5487.979,28502.94
02/15/16,13:44:00,1700,1840.051,586.3265,5450.251,28307.56
02/15/16,13:45:00,1700,1841.557,588.0508,5505.217,28592.83
02/15/16,13:46:00,1700,1841.013,582.5186,5447.831,28300.48
02/15/16,13:47:00,1700,1840.619,571.3939,5331.727,27699.8
02/15/16,13:48:00,1700,1841.564,562.8849,5225.008,27148.01
02/15/16,13:49:00,1700,1840.453,577.3618,5386.999,27985.04
02/15/16,13:50:00,1700,1840.325,584.9999,5483.732,28496.42
02/15/16,13:51:00,1700,1840.587,586.509,5477.139,28481.34
02/15/16,13:52:00,1700,1840.784,583.8975,5465.819,28409.34
02/15/16,13:53:00,1700,1841.819,583.5103,5441.765,28245.3
02/15/16,13:54:00,1700,1841.284,585.4433,5472.172,28437.16
02/15/16,13:55:00,1700,1841.554,585.6498,5489.287,28486.28
02/15/16,13:56:00,1700,1840.772,586.2245,5483.554,28486.44
02/15/16,13:57:00,1700,1841.258,589.9363,5517.698,28726.38
02/15/16,13:58:00,1700,1841.56,573.494,5340.615,27725.32
02/15/16,13:59:00,1700,1840.595,582.0532,5451.203,28338.65
02/15/16,14:00:00,1700,1841.546,585.5638,5485.827,28474.86
02/15/16,14:01:00,1700,1841.392,585.3619,5467.499,28391.31
02/15/16,14:02:00,1700,1841.554,580.9356,5440.932,28257.23
02/15/16,14:03:00,1700,1840.945,574.208,5345.92,27749.71
02/15/16,14:04:00,1700,1841.25,586.2131,5474.726,28429.97
02/15/16,14:05:00,1700,1840.781,587.7903,5487.152,28520.1
02/15/16,14:06:00,1700,1841.518,586.0415,5488.52,28456.09
02/15/16,14:07:00,1700,1841.84,565.6557,5284.484,27448.6
02/15/16,14:08:00,1700,1840.415,575.7494,5401.406,28054.05
02/15/16,14:09:00,1700,1841.241,567.4384,5279.693,27418.2
02/15/16,14:10:00,1700,1841.232,575.3237,5370.191,27890.61
02/15/16,14:11:00,1700,1841.262,580.8555,5409.716,28093.02
02/15/16,14:12:00,1700,1840.967,578.1007,5393.739,28013.13
02/15/16,14:13:00,1700,1841.517,577.4609,5404.83,28070.55
02/15/16,14:14:00,1700,1840.578,573.3983,5337.208,27730.14
02/15/16,14:15:00,1700,1841.81,567.0919,5310.177,27579.05
02/15/16,14:16:00,1700,1841.24,561.0108,5214.648,27099.71
02/15/16,14:17:00,1700,1841.801,573.3938,5334.236,27697.18
02/15/16,14:18:00,1700,1840.582,578.6981,5393.729,28013.22
02/15/16,14:19:00,1700,1841.988,579.4785,5401.276,28023.07
02/15/16,14:20:00,1700,1841.522,575.3213,5355.17,27817.31
02/15/16,14:21:00,1700,1840.983,575.7471,5363.591,27877.04
02/15/16,14:22:00,1700,1841.25,576.9102,5372.369,27901.08
02/15/16,14:23:00,1700,1841.242,567.7814,5285.333,27455.32
02/15/16,14:24:00,1700,1840.768,559.1229,5223.604,27147.63
02/15/16,14:25:00,1700,1841.074,553.58,5151.695,26764.22
02/15/16,14:26:00,1700,1841.543,585.5504,5481.462,28464.51
02/15/16,14:27:00,1700,1841.425,583.5043,5451.207,28310.74
02/15/16,14:28:00,1700,1840.768,572.4938,5341.866,27753.42
02/15/16,14:29:00,1700,1840.973,569.5817,5322.615,27651.98
02/15/16,14:30:00,1700,1841.257,577.4723,5396.792,28030.59
02/15/16,14:31:00,1700,1840.317,573.4037,5346.376,27781.62
02/15/16,14:32:00,1700,1841.264,562.8182,5250.09,27269.37
02/15/16,14:33:00,1700,1840.999,557.3986,5202.665,27029.86
02/15/16,14:34:00,1700,1840.958,566.4242,5272.145,27365.4
02/15/16,14:35:00,1700,1840.964,565.0917,5263.852,27354.44
02/15/16,14:36:00,1700,1843.644,570.3129,5278.789,27413.76
02/15/16,14:37:00,1700,1841.244,575.1925,5348.721,27772.35
02/15/16,14:38:00,1700,1840.937,575.1337,5384.608,27952.6
02/15/16,14:39:00,1700,1841.26,563.0693,5234.918,27186.01
02/15/16,14:40:00,1700,1840.75,558.8597,5200.047,27016.82
02/15/16,14:41:00,1700,1841.809,568.2524,5304.743,27551.05
02/15/16,14:42:00,1700,1840.563,552.309,5120.368,26611.79
02/15/16,14:43:00,1700,1841.536,564.8304,5246.503,27248.07
02/15/16,14:44:00,1700,1840.972,570.9139,5354.26,27810.8
02/15/16,14:45:00,1700,1840.761,565.3868,5273.314,27399.12
02/15/16,14:46:00,1700,1840.571,562.4734,5245.27,27231.27
02/15/16,14:47:00,1700,1840.302,571.4714,5334.17,27714.68
02/15/16,14:48:00,1700,1841.538,572.2822,5344.467,27748.72
02/15/16,14:49:00,1700,1841.235,542.1989,5038.507,26180.58
02/15/16,14:50:00,1700,1841.964,562.0428,5217.234,27083.41
02/15/16,14:51:00,1700,1841.253,559.7057,5209.558,27095.6
02/15/16,14:52:00,1700,1841.073,564.324,5253.099,27275.91
02/15/16,14:53:00,1700,1841.01,562.3989,5234.752,27193.6
02/15/16,14:54:00,1700,1840.751,566.2094,5278.105,27414.28
02/15/16,14:55:00,1700,1840.594,565.2231,5273.973,27393.7
02/15/16,14:56:00,1700,1842.311,569.5748,5300.177,27516.71
02/15/16,14:57:00,1700,1840.97,570.0181,5314.798,27601.28
02/15/16,14:58:00,1700,1841.225,533.7633,4964.668,25784.37
02/15/16,14:59:00,1700,1841.997,568.691,5291.234,27452.68
02/15/16,15:00:00,1700,1841.546,558.0935,5193.204,26972.33
02/15/16,15:01:00,1700,1840.54,573.3129,5350.799,27794.29
02/15/16,15:02:00,1700,1840.588,548.3003,5094.294,26466.74
02/15/16,15:03:00,1700,1842.142,554.1996,5154.127,26785.88
02/15/16,15:04:00,1700,1840.955,558.2202,5193.288,26954.83
02/15/16,15:05:00,1700,1841.532,555.041,5156.249,26778.73
02/15/16,15:06:00,1700,1839.438,556.8284,5181.358,26945.62
02/15/16,15:07:00,1700,1840.795,565.0965,5257.551,27326.95
02/15/16,15:08:00,1700,1841.258,541.9895,4997.564,25966.58
02/15/16,15:09:00,1700,1841.261,553.4915,5166.681,26843.49
02/15/16,15:10:00,1700,1840.582,566.0001,5279.686,27423.6
02/15/16,15:11:00,1700,1840.963,567.5734,5302.462,27550.9
02/15/16,15:12:00,1700,1840.771,565.39,5270.717,27339.88
02/15/16,15:13:00,1700,1840.927,567.87,5284.464,27444.3
02/15/16,15:14:00,1700,1840.761,554.2142,5162.878,26743.54
02/15/16,15:15:00,1700,1841.523,542.8879,5026.676,26116.4
02/15/16,15:16:00,1700,1839.95,561.7024,5229.144,27262.04
02/15/16,15:17:00,1700,1840.317,570.9117,5308.083,27585.86
02/15/16,15:18:00,1700,1841.274,575.9662,5381.292,27978.43
02/15/16,15:19:00,1700,1841.52,567.8708,5298.192,27521.02
02/15/16,15:20:00,1700,1840.951,547.5254,5077.323,26425.35
02/15/16,15:21:00,1700,1840.978,565.9978,5285.51,27461.86
02/15/16,15:22:00,1700,1841.819,580.0374,5419.88,28143.2
02/15/16,15:23:00,1700,1841.792,575.8901,5373.687,27857.72
02/15/16,15:24:00,1700,1840.289,565.5181,5266.442,27364.96
02/15/16,15:25:00,1700,1840.969,566.8436,5299.913,27534.33
02/15/16,15:26:00,1700,1841.816,573.3141,5334.509,27693.07
02/15/16,15:27:00,1700,1840.587,572.8383,5354.346,27817.57
02/15/16,15:28:00,1700,1839.983,579.1433,5415.151,28137.84
02/15/16,15:29:00,1700,1840.76,582.5183,5457.564,28351.24
02/15/16,15:30:00,1700,1840.273,584.7408,5445.633,28288.97
02/15/16,15:31:00,1700,1841.808,563.8423,5214.669,27074.74
02/15/16,15:32:00,1700,1840.757,575.0663,5380.416,27946.02
02/15/16,15:33:00,1700,1841.234,579.3716,5422.544,28149.44
02/15/16,15:34:00,1700,1842.272,566.5494,5270.761,27360.6
02/15/16,15:35:00,1700,1842.363,566.7115,5284.524,27438.54
02/15/16,15:36:00,1700,1840.778,570.2679,5307.624,27581.59
02/15/16,15:37:00,1700,1841.242,581.9639,5427.125,28173.33
02/15/16,15:38:00,1700,1841.966,588.6617,5518.467,28660.59
02/15/16,15:39:00,1700,1840.292,578.1122,5418.601,28154.47
02/15/16,15:40:00,1700,1840.315,583.2473,5477.179,28451.28
02/15/16,15:41:00,1700,1841.243,592.6349,5548.008,28812.58
02/15/16,15:42:00,1700,1840.571,585.9053,5477.173,28451.2
02/15/16,15:43:00,1700,1840.757,582.733,5431.009,28210.22
02/15/16,15:44:00,1700,1841.23,587.5721,5508.134,28620.15
02/15/16,15:45:00,1700,1841.212,578.7024,5420.669,28154.06
02/15/16,15:46:00,1700,1841.533,590.7042,5526.681,28692.59
02/15/16,15:47:00,1700,1841.814,583.5005,5452.009,28317.16
02/15/16,15:48:00,1700,1840.956,553.2241,5167.196,26845.86
02/15/16,15:49:00,1700,1840.773,561.6874,5217.222,27102.26
02/15/16,15:50:00,1700,1842.906,575.2671,5370.082,27859.99
02/15/16,15:51:00,1700,1841.535,583.2901,5455.389,28330.66
02/15/16,15:52:00,1700,1841.516,587.5712,5491.73,28515.04
02/15/16,15:53:00,1700,1840.575,586.1998,5484.814,28496.7
02/15/16,15:54:00,1700,1841.815,582.1818,5433.121,28210.3
02/15/16,15:55:00,1700,1841.252,563.4978,5258.333,27314.14
02/15/16,15:56:00,1700,1841.531,585.6469,5480.138,28457.89
02/15/16,15:57:00,1700,1840.786,592.6384,5541.078,28788.93
02/15/16,15:58:00,1700,1842.31,591.3975,5528.719,28713.94
02/15/16,15:59:00,1700,1840.582,591.3918,5534.221,28755
02/15/16,16:00:00,1700,1840.945,594.0126,5571.532,28941.34
02/15/16,16:01:00,1700,1842.757,584.8742,5461.595,28329.71
02/15/16,16:02:00,1700,1841.232,588.9366,5502.443,28564.64
02/15/16,16:03:00,1700,1840.768,589.1044,5533.873,28752.75
02/15/16,16:04:00,1700,1840.972,579.5696,5407.096,28081.94
02/15/16,16:05:00,1700,1842.055,557.9213,5181.287,26899.21
02/15/16,16:06:00,1700,1841.266,591.2753,5564.659,28907.37
02/15/16,16:07:00,1700,1841.254,592.1657,5552.299,28834
02/15/16,16:08:00,1700,1840.581,586.5709,5491.771,28519.72
02/15/16,16:09:00,1700,1841.26,595.3474,5594.286,29048.44
02/15/16,16:10:00,1700,1842.03,589.4692,5523.956,28688.54
02/15/16,16:11:00,1700,1841.249,589.7916,5518.382,28630.64
02/15/16,16:12:00,1700,1840.009,591.1859,5537.73,28748.64
02/15/16,16:13:00,1700,1841.231,593.8979,5559.315,28861.49
02/15/16,16:14:00,1700,1841.256,590.6165,5530.792,28727.44
02/15/16,16:15:00,1700,1841.469,594.7888,5588.745,29020.54
02/15/16,16:16:00,1700,1840.98,588.6138,5512.872,28631.4
02/15/16,16:17:00,1700,1840.586,597.1954,5594.337,29071.97
02/15/16,16:18:00,1700,1841.671,594.9816,5576.055,28951.48
02/15/16,16:19:00,1700,1840.781,583.8927,5445.551,28278.58
02/15/16,16:20:00,1700,1842.487,579.6429,5424.19,28178.41
02/15/16,16:21:00,1700,1841.529,592.9729,5537.678,28748.41
02/15/16,16:22:00,1700,1840.621,594.9123,5562.573,28896.28
02/15/16,16:23:00,1700,1840.575,600.7565,5633.346,29266.62
02/15/16,16:24:00,1700,1840.588,599.4288,5625.602,29200.25
02/15/16,16:25:00,1700,1841.546,597.3551,5596.03,29083.89
02/15/16,16:26:00,1700,1841.817,582.1732,5449.896,28295.71
02/15/16,16:27:00,1700,1840.773,564.9593,5273.194,27405.92
02/15/16,16:28:00,1700,1839.998,588.6949,5496.034,28553.96
02/15/16,16:29:00,1700,1840.971,602.6943,5627.76,29211.12
02/15/16,16:30:00,1700,1840.809,595.1116,5563.75,28895.83
02/15/16,16:31:00,1700,1840.771,594.1369,5578.418,28964.51
02/15/16,16:32:00,1700,1841.253,598.267,5611.028,29138.11
02/15/16,16:33:00,1700,1841.81,588.9156,5526.314,28703.38
02/15/16,16:34:00,1700,1839.531,582.8604,5440.942,28285.05
02/15/16,16:35:00,1700,1841.245,585.748,5478.9,28435.54
02/15/16,16:36:00,1700,1841.508,583.2838,5458.844,28342.94
02/15/16,16:37:00,1700,1841.24,599.4242,5617.867,29187.27
02/15/16,16:38:00,1700,1839.742,599.4235,5638.055,29296.17
02/15/16,16:39:00,1700,1840.966,597.4917,5617.749,29183.31
02/15/16,16:40:00,1700,1841.523,587.4952,5506.444,28609.79
02/15/16,16:41:00,1700,1840.962,573.6133,5364.605,27860.63
02/15/16,16:42:00,1700,1840.95,583.9689,5448.553,28295.49
02/15/16,16:43:00,1700,1841.36,592.637,5546.794,28789.38
02/15/16,16:44:00,1700,1841.543,601.4501,5629.867,29224.37
02/15/16,16:45:00,1700,1841.252,594.4276,5552.409,28821.38
02/15/16,16:46:00,1700,1842.295,594.9114,5543.266,28778.46
02/15/16,16:47:00,1700,1841.378,588.3449,5511.932,28620.27
02/15/16,16:48:00,1700,1841.808,598.2618,5583.028,29085.43
02/15/16,16:49:00,1700,1840.949,599.502,5618.662,29165.89
02/15/16,16:50:00,1700,1841.221,582.8416,5439.923,28259.75
02/15/16,16:51:00,1700,1840.969,606.95,5697.585,29582.47
02/15/16,16:52:00,1700,1840.952,598.1796,5590.835,29027.25
02/15/16,16:53:00,1700,1841.811,580.9291,5400.458,28039.69
02/15/16,16:54:00,1700,1841.249,592.5443,5575.068,28957.8
02/15/16,16:55:00,1700,1841.777,598.825,5601.335,29052.4
02/15/16,16:56:00,1700,1840.283,598.0463,5580.842,28986.41
02/15/16,16:57:00,1700,1842.015,593.5309,5583.922,28985.92
02/15/16,16:58:00,1700,1841.521,595.4668,5591.665,28958.08
02/15/16,16:59:00,1700,1840.274,588.6644,5502.478,28587.84
02/15/16,17:00:00,1700,1840.96,582.6007,5422.743,28164.4
02/15/16,17:01:00,1700,1840.572,588.6648,5521.017,28675.39
02/15/16,17:02:00,1700,1841.22,594.2173,5553.482,28840.35
02/15/16,17:03:00,1700,1841.247,595.3793,5559.951,28856.74
02/15/16,17:04:00,1700,1841.228,580.5807,5442.932,28260.96
02/15/16,17:05:00,1700,1840.8,593.1067,5563.839,28899.96
02/15/16,17:06:00,1700,1840.954,594.1367,5580.561,28979.68
02/15/16,17:07:00,1700,1840.951,596.2342,5578.36,28926.49
02/15/16,17:08:00,1700,1840.576,593.1898,5564.668,28895.67
02/15/16,17:09:00,1700,1842.284,589.5757,5506.407,28639.2
02/15/16,17:10:00,1700,1841.828,585.7681,5473.739,28417.04
02/15/16,17:11:00,1700,1840.952,593.4489,5548.829,28884.4
02/15/16,17:12:00,1700,1841.528,586.9837,5493.534,28509.04
02/15/16,17:13:00,1700,1839.403,587.001,5485.943,28508.96
02/15/16,17:14:00,1700,1840.587,587.0997,5489.249,28523.86
02/15/16,17:15:00,1700,1842,597.3713,5599.365,29072.41
02/15/16,17:16:00,1700,1841.244,581.2717,5449.835,28306.33
02/15/16,17:17:00,1700,1841.124,584.1821,5474.603,28429.65
02/15/16,17:18:00,1700,1841.53,595.1246,5571.564,28919.25
02/15/16,17:19:00,1700,1840.735,595.6776,5568.051,28927.6
02/15/16,17:20:00,1700,1840.748,586.6693,5489.978,28519.11
02/15/16,17:21:00,1700,1841.234,587.0112,5493.463,28519.65
02/15/16,17:22:00,1700,1842.063,592.566,5574.514,28934.94
02/15/16,17:23:00,1700,1841.816,592.8437,5570.204,28919.73
02/15/16,17:24:00,1700,1841.531,586.4613,5482.458,28457.68
02/15/16,17:25:00,1700,1840.768,595.9064,5594.181,29052.43
02/15/16,17:26:00,1700,1840.568,594.3039,5563.762,28900.26
02/15/16,17:27:00,1700,1840.968,574.2002,5351.728,27810.76
02/15/16,17:28:00,1700,1840.968,593.535,5562.495,28889.83
02/15/16,17:29:00,1700,1841.533,599.7213,5610.962,29127.63
02/15/16,17:30:00,1700,1841.277,596.3588,5581.454,28991.9
02/15/16,17:31:00,1700,1840.588,591.0792,5528.609,28716.15
02/15/16,17:32:00,1700,1841.247,588.6685,5498.245,28547.32
02/15/16,17:33:00,1700,1841.808,587.9144,5492.462,28486.88
02/15/16,17:34:00,1700,1841.513,582.3788,5431.825,28216.05
02/15/16,17:35:00,1700,1841.544,591.9784,5532.221,28721.02
02/15/16,17:36:00,1700,1841.998,586.0685,5475.875,28429.69
02/15/16,17:37:00,1700,1841.554,595.5507,5603.265,29093.12
02/15/16,17:38:00,1700,1840.562,593.3102,5571.48,28923.96
02/15/16,17:39:00,1700,1841.232,578.1,5386.895,27967.39
02/15/16,17:40:00,1700,1840.959,574.4988,5350.063,27781.63
02/15/16,17:41:00,1700,1841.75,588.2525,5496.107,28530.17
02/15/16,17:42:00,1700,1841.526,594.3082,5577.196,28958.27
02/15/16,17:43:00,1700,1841.261,589.9294,5529.486,28720.58
02/15/16,17:44:00,1700,1841.245,591.9862,5519.71,28667.22
02/15/16,17:45:00,1700,1841.175,593.4559,5559.793,28862.33
02/15/16,17:46:00,1700,1841.807,583.0687,5461.449,28351.11
02/15/16,17:47:00,1700,1840.284,578.5454,5400.519,28053.46
02/15/16,17:48:00,1700,1840.982,590.9528,5520.956,28660.89
02/15/16,17:49:00,1700,1841.542,594.4397,5564.756,28896.29
02/15/16,17:50:00,1700,1840.969,589.8795,5519.616,28661.17
02/15/16,17:51:00,1700,1840.572,588.9176,5510.724,28643.5
02/15/16,17:52:00,1700,1840.998,599.0856,5622.245,29197.3
02/15/16,17:53:00,1700,1841.523,591.0833,5550.16,28806.15
02/15/16,17:54:00,1700,1841.822,596.7917,5618.686,29183.42
02/15/16,17:55:00,1700,1840.751,586.0189,5480.263,28467.52
02/15/16,17:56:00,1700,1841.234,596.0294,5592.858,29047.88
02/15/16,17:57:00,1700,1841.5,572.2847,5348.743,27772.35
02/15/16,17:58:00,1700,1840.957,589.6935,5523.039,28692.84
02/15/16,17:59:00,1700,1840.94,594.7777,5556.875,28888.19
02/15/16,18:00:00,1700,1841.048,595.6102,5578.491,28957.8
02/15/16,18:01:00,1700,1841.237,591.3843,5514.092,28615.72
02/15/16,18:02:00,1700,1841.222,596.4827,5598.575,29080.34
02/15/16,18:03:00,1700,1842.3,590.2667,5522.286,28616.07
02/15/16,18:04:00,1700,1840.772,590.6945,5517.557,28661.16
02/15/16,18:05:00,1700,1841.517,593.8919,5591.761,29037.67
02/15/16,18:06:00,1700,1840.763,590.8284,5554.3,28851.15
02/15/16,18:07:00,1700,1840.963,583.4302,5448.635,28302.93
02/15/16,18:08:00,1700,1841.028,587.0143,5507.671,28602.69
02/15/16,18:09:00,1700,1840.964,595.4768,5562.654,28885.62
02/15/16,18:10:00,1700,1840.957,595.2063,5576.057,28979.18
02/15/16,18:11:00,1700,1840.306,595.6831,5572.373,29006.95
02/15/16,18:12:00,1700,1840.827,594.138,5555.767,28851.48
02/15/16,18:13:00,1700,1841.26,585.0845,5478.874,28457.65
02/15/16,18:14:00,1700,1840.963,583.8846,5462.309,28368.22
02/15/16,18:15:00,1700,1840.471,592.1594,5528.264,28710.84
02/15/16,18:16:00,1700,1840.771,594.3105,5561.235,28889.84
02/15/16,18:17:00,1700,1841,595.5364,5561.205,28878.74
02/15/16,18:18:00,1700,1841.538,588.473,5506.398,28592.61
02/15/16,18:19:00,1700,1841.829,592.0746,5550.063,28816.6
02/15/16,18:20:00,1700,1841.817,585.0045,5460.415,28346.09
02/15/16,18:21:00,1700,1841.242,587.0897,5483.669,28481.42
02/15/16,18:22:00,1700,1841.538,592.8502,5553.122,28861.98
02/15/16,18:23:00,1700,1840.951,591.0801,5554.329,28851.03
02/15/16,18:24:00,1700,1840.765,578.4439,5398.014,28043.78
02/15/16,18:25:00,1700,1840.288,590.3961,5518.286,28670.77
02/15/16,18:26:00,1700,1841.261,592.7212,5553.524,28777.54
02/15/16,18:27:00,1700,1840.759,592.0751,5548.807,28820.27
02/15/16,18:28:00,1700,1840.963,591.9906,5541.143,28754.96
02/15/16,18:29:00,1700,1840.763,584.528,5465.766,28396.05
02/15/16,18:30:00,1700,1841.828,589.3682,5526.666,28648.45
02/15/16,18:31:00,1700,1840.606,592.0743,5552.179,28846.77
02/15/16,18:32:00,1700,1841.271,595.8298,5569.059,28919.52
02/15/16,18:33:00,1700,1841.552,586.5474,5481.512,28458.07
02/15/16,18:34:00,1700,1840.978,591.086,5553.494,28762.18
02/15/16,18:35:00,1700,1840.781,588.4067,5499.641,28569.36
02/15/16,18:36:00,1700,1841.538,585.7734,5471.817,28429.89
02/15/16,18:37:00,1700,1840.613,586.1993,5485.717,28502.42
02/15/16,18:38:00,1700,1841.262,594.9176,5562.587,28913.15
02/15/16,18:39:00,1700,1840.814,599.2925,5609.746,29144.6
02/15/16,18:40:00,1700,1841.548,589.9308,5513.438,28590.41
02/15/16,18:41:00,1700,1840.025,587.2256,5489.27,28519.9
02/15/16,18:42:00,1700,1840.943,580.4877,5412.431,28110.57
02/15/16,18:43:00,1700,1840.285,585.3485,5478.941,28468.8
02/15/16,18:44:00,1700,1841.521,594.9102,5566.9,28907.01
02/15/16,18:45:00,1700,1841.048,593.517,5568.285,28920.06
02/15/16,18:46:00,1700,1841.25,592.853,5563.898,28896.45
02/15/16,18:47:00,1700,1840.584,586.5455,5474.564,28436.48
02/15/16,18:48:00,1700,1841.551,595.6875,5590.47,29031.63
02/15/16,18:49:00,1700,1840.333,595.1307,5590.511,29042.21
02/15/16,18:50:00,1700,1842.016,595.9006,5588.755,29007.7
02/15/16,18:51:00,1700,1840.577,591.5984,5542.391,28810.11
02/15/16,18:52:00,1700,1840.953,591.2615,5529.541,28701.02
02/15/16,18:53:00,1700,1841.242,596.2415,5586.099,29007.76
02/15/16,18:54:00,1700,1841.521,598.3889,5629.808,29227.68
02/15/16,18:55:00,1700,1841.532,583.4124,5447.668,28284.99
02/15/16,18:56:00,1700,1841.24,583.6252,5453.256,28323.26
02/15/16,18:57:00,1700,1841.27,591.1833,5530.815,28717.13
02/15/16,18:58:00,1700,1841.253,592.6298,5547.975,28821.3
02/15/16,18:59:00,1700,1841.546,591.0858,5527.783,28692.89
02/15/16,19:00:00,1700,1841.809,573.4774,5353.121,27793.43
02/15/16,19:01:00,1700,1840.778,593.4492,5537.635,28767.85
02/15/16,19:02:00,1700,1840.983,594.5659,5567.729,28901.81
02/15/16,19:03:00,1700,1841.826,590.6052,5532.992,28720.62
02/15/16,19:04:00,1700,1841.53,592.286,5528.72,28703.77
02/15/16,19:05:00,1700,1840.935,589.4866,5505.758,28602.78
02/15/16,19:06:00,1700,1841.244,556.0549,5186.737,26937.47
02/15/16,19:07:00,1700,1841.544,601.6443,5653.833,29352.23
02/15/16,19:08:00,1700,1841.515,597.188,5595.128,29071.89
02/15/16,19:09:00,1700,1840.573,588.6046,5503.804,28592.16
02/15/16,19:10:00,1700,1841.231,589.9223,5527.785,28699.47
02/15/16,19:11:00,1700,1840.287,590.9523,5530.871,28739.99
02/15/16,19:12:00,1700,1841.536,593.6682,5542.377,28771.78
02/15/16,19:13:00,1700,1840.762,593.4481,5547.949,28821.2
02/15/16,19:14:00,1700,1840.095,590.2422,5518.409,28667.28
02/15/16,19:15:00,1700,1841.512,594.5623,5571.48,28924.27
02/15/16,19:16:00,1700,1841.231,576.424,5372.302,27900.93
02/15/16,19:17:00,1700,1840.571,583.9506,5451.166,28323.61
02/15/16,19:18:00,1700,1840.774,592.7213,5558.232,28879.01
02/15/16,19:19:00,1700,1841.542,592.6096,5556.937,28850.71
02/15/16,19:20:00,1700,1840.974,588.1091,5500.415,28564.6
02/15/16,19:21:00,1700,1840.772,589.5782,5532.076,28739.81
02/15/16,19:22:00,1700,1840.566,586.9415,5477.407,28451.28
02/15/16,19:23:00,1700,1840.954,584.9935,5471.16,28413.24
02/15/16,19:24:00,1700,1841.548,588.9353,5513.886,28661.83
02/15/16,19:25:00,1700,1841.255,577.1108,5392.466,28019.08
02/15/16,19:26:00,1700,1840.765,600.7476,5639.2,29296.14
02/15/16,19:27:00,1700,1840.51,590.5966,5554.275,28862.2
02/15/16,19:28:00,1700,1840.284,593.8643,5545.353,28799.2
02/15/16,19:29:00,1700,1840.957,587.7756,5473.18,28507.58
02/15/16,19:30:00,1700,1841.224,593.3145,5564.978,28913.02
02/15/16,19:31:00,1700,1840.951,592.624,5541.098,28771.7
02/15/16,19:32:00,1700,1840.984,578.0927,5395.012,28019.95
02/15/16,19:33:00,1700,1842.286,592.9688,5566.822,28927.59
02/15/16,19:34:00,1700,1840.599,597.4733,5588.646,29017.84
02/15/16,19:35:00,1700,1841.987,595.7646,5566.776,28895.93
02/15/16,19:36:00,1700,1841.717,594.4146,5570.174,28923.72
02/15/16,19:37:00,1700,1841.808,588.9286,5506.373,28581.87
02/15/16,19:38:00,1700,1840.953,591.2541,5556.905,28861.73
02/15/16,19:39:00,1700,1841.239,594.7748,5574.772,28947.86
02/15/16,19:40:00,1700,1840.59,597.2245,5610.976,29127.09
02/15/16,19:41:00,1700,1840.96,585.0829,5474.002,28429.88
02/15/16,19:42:00,1700,1841.652,586.6503,5480.107,28444.31
02/15/16,19:43:00,1700,1841.524,592.6219,5546.511,28812.06
02/15/16,19:44:00,1700,1841.234,596.1627,5591.637,29031.46
02/15/16,19:45:00,1700,1841.221,595.8879,5568.128,28906.44
02/15/16,19:46:00,1700,1840.946,592.9718,5548.788,28816.49
02/15/16,19:47:00,1700,1840.946,597.1771,5584.044,29006.21
02/15/16,19:48:00,1700,1840.941,594.5588,5565.87,28902.48
02/15/16,19:49:00,1700,1840.958,592.2793,5538.722,28790.21
02/15/16,19:50:00,1700,1841.984,571.1601,5329.361,27663.33
02/15/16,19:51:00,1700,1840.264,587.8973,5488.013,28515.17
02/15/16,19:52:00,1700,1840.756,592.1414,5537.42,28782.26
02/15/16,19:53:00,1700,1840.755,597.0472,5598.398,29075.67
02/15/16,19:54:00,1700,1840.944,595.1204,5580.735,28991.99
02/15/16,19:55:00,1700,1841.511,589.5636,5523.828,28687.77
02/15/16,19:56:00,1700,1841.789,590.8156,5530.683,28739.29
02/15/16,19:57:00,1700,1841.233,583.4876,5447.799,28289.21
02/15/16,19:58:00,1700,1840.549,577.9232,5397.925,28046.61
02/15/16,19:59:00,1700,1840.516,589.6993,5536.643,28760.69
02/15/16,20:00:00,1700,1839.979,600.6526,5648.176,29279.72
02/15/16,20:01:00,1700,1841.204,590.5926,5526.383,28687.93
02/15/16,20:02:00,1700,1841.49,592.7664,5550.058,28816.51
02/15/16,20:03:00,1700,1840.288,596.4501,5599.383,29071.47
02/15/16,20:04:00,1700,1840.968,567.3414,5283.582,27409.17
02/15/16,20:05:00,1700,1841.8,581.6927,5436.516,28226.74
02/15/16,20:06:00,1700,1840.553,586.994,5475.924,28444.54
02/15/16,20:07:00,1700,1841.237,591.9788,5551.224,28832.17
02/15/16,20:08:00,1700,1841.98,586.7852,5490.423,28515.08
02/15/16,20:09:00,1700,1840.589,590.041,5521.519,28675.02
02/15/16,20:10:00,1700,1841.241,591.9832,5516.329,28654.04
02/15/16,20:11:00,1700,1840.757,591.1599,5538.497,28771.82
02/15/16,20:12:00,1700,1840.957,593.095,5556.793,28846.83
02/15/16,20:13:00,1700,1841.538,587.3566,5472.083,28413.98
02/15/16,20:14:00,1700,1840.767,596.6633,5590.451,29037.21
02/15/16,20:15:00,1700,1840.573,568.5458,5298.14,27530.48
02/15/16,20:16:00,1700,1840.564,571.1541,5311.454,27578.59
02/15/16,20:17:00,1700,1840.763,595.5269,5574.598,28938.3
02/15/16,20:18:00,1700,1841.236,593.5212,5559.894,28872.17
02/15/16,20:19:00,1700,1841.26,587.7738,5518.414,28577.15
02/15/16,20:20:00,1700,1840.932,579.797,5419.291,28149.5
02/15/16,20:21:00,1700,1841.681,589.4712,5518.265,28660.36
02/15/16,20:22:00,1700,1841.225,587.6439,5499.436,28550.95
02/15/16,20:23:00,1700,1841.516,588.6591,5507.558,28475.82
02/15/16,20:24:00,1700,1840.272,590.8212,5526.188,28720.76
02/15/16,20:25:00,1700,1841.812,582.9803,5457.555,28351.23
02/15/16,20:26:00,1700,1841.523,573.041,5350.831,27793.5
02/15/16,20:27:00,1700,1841.532,591.8556,5517.364,28667.65
02/15/16,20:28:00,1700,1841.907,592.4107,5550.114,28805.99
02/15/16,20:29:00,1700,1841.243,588.5965,5502.369,28575.67
02/15/16,20:30:00,1700,1840.58,594.2184,5561.235,28868.07
02/15/16,20:31:00,1700,1841.245,594.0004,5545.348,28806.31
02/15/16,20:32:00,1700,1841.496,590.0319,5530.659,28716.5
02/15/16,20:33:00,1700,1841.528,592.8434,5538.495,28771.72
02/15/16,20:34:00,1700,1840.813,580.7012,5429.682,28212.71
02/15/16,20:35:00,1700,1841.538,575.6581,5377.792,27933.43
02/15/16,20:36:00,1700,1840.948,582.2956,5438.664,28243.93
02/15/16,20:37:00,1700,1840.751,591.1587,5532.091,28732.1
02/15/16,20:38:00,1700,1840.944,591.5078,5523.933,28692.41
02/15/16,20:39:00,1700,1840.822,590.6534,5534.777,28726.19
02/15/16,20:40:00,1700,1840.97,588.1295,5510.585,28620
02/15/16,20:41:00,1700,1840.763,590.6932,5545.342,28799.61
02/15/16,20:42:00,1700,1842.001,593.1002,5584.536,28934.27
02/15/16,20:43:00,1700,1840.752,594.124,5556.827,28861.55
02/15/16,20:44:00,1700,1840.952,592.3386,5563.648,28895.88
02/15/16,20:45:00,1700,1841.502,586.7831,5493.438,28529.61
02/15/16,20:46:00,1700,1842.268,581.9414,5433.951,28209.48
02/15/16,20:47:00,1700,1840.563,587.3468,5506.33,28603.17
02/15/16,20:48:00,1700,1840.94,591.5032,5546.649,28812.15
02/15/16,20:49:00,1700,1840.921,590.806,5530.835,28739
02/15/16,20:50:00,1700,1840.761,589.9146,5523.059,28681.72
02/15/16,20:51:00,1700,1840.324,589.5765,5516.245,28637.05
02/15/16,20:52:00,1700,1841.833,584.3136,5454.842,28332.39
02/15/16,20:53:00,1700,1840.388,587.6565,5477.712,28457.53
02/15/16,20:54:00,1700,1840.942,599.4683,5609.917,29138.31
02/15/16,20:55:00,1700,1840.962,577.2012,5386.881,27973.96
02/15/16,20:56:00,1700,1842.027,593.1945,5563.698,28905.83
02/15/16,20:57:00,1700,1841.513,589.4835,5536.712,28748.1
02/15/16,20:58:00,1700,1841.797,593.7417,5552.246,28833.71
02/15/16,20:59:00,1700,1841.533,586.8815,5487.828,28489.02
02/15/16,21:00:00,1700,1842.776,588.1223,5512.875,28619.89
02/15/16,21:01:00,1700,1840.385,580.9993,5435.233,28237.73
02/15/16,21:02:00,1700,1840.946,586.876,5466.91,28402.36
02/15/16,21:03:00,1700,1841.814,590.2552,5530.712,28709.47
02/15/16,21:04:00,1700,1841.929,591.8401,5537.682,28771.89
02/15/16,21:05:00,1700,1840.978,596.1543,5590.467,29031.13
02/15/16,21:06:00,1700,1840.765,594.5404,5579.055,28968.78
02/15/16,21:07:00,1700,1841.525,580.1487,5411.265,28104.59
02/15/16,21:08:00,1700,1840.757,580.4946,5425.162,28177.18
02/15/16,21:09:00,1700,1841.231,580.8362,5425.375,28171.64
02/15/16,21:10:00,1700,1841.532,598.0358,5603.215,29114.02
02/15/16,21:11:00,1700,1840.966,592.2687,5555.813,28936.8
02/15/16,21:12:00,1700,1842.578,575.9552,5354.341,27787.01
02/15/16,21:13:00,1700,1841.826,577.795,5384.689,27972.89
02/15/16,21:14:00,1700,1841.223,587.7867,5517.542,28643.75
02/15/16,21:15:00,1700,1841.816,589.0571,5512.746,28708.85
02/15/16,21:16:00,1700,1841.568,589.5983,5530.781,28726.43
02/15/16,21:17:00,1700,1840.941,572.266,5356.365,27776.71
02/15/16,21:18:00,1700,1840.298,586.3236,5489.077,28519.36
02/15/16,21:19:00,1700,1841.804,587.731,5485.34,28513.88
02/15/16,21:20:00,1700,1840.762,596.016,5587.331,29020.17
02/15/16,21:21:00,1700,1840.543,595.4467,5576.406,28936.17
02/15/16,21:22:00,1700,1842.564,583.7463,5461.327,28357.41
02/15/16,21:23:00,1700,1841.539,582.0315,5407.606,28081.79
02/15/16,21:24:00,1700,1841.997,592.537,5546.629,28776.37
02/15/16,21:25:00,1700,1841.524,598.048,5604.804,29092.54
02/15/16,21:26:00,1700,1840.571,593.1931,5565.941,28900.15
02/15/16,21:27:00,1700,1841.515,588.0323,5519.516,28681.61
02/15/16,21:28:00,1700,1840.564,589.7797,5516.137,28659.92
02/15/16,21:29:00,1700,1842.006,587.645,5506.841,28581.7
02/15/16,21:30:00,1700,1841.243,580.8401,5440.832,28259.79
02/15/16,21:31:00,1700,1840.792,593.3106,5559.991,28878.41
02/15/16,21:32:00,1700,1840.95,591.7153,5532.863,28770.25
02/15/16,21:33:00,1700,1841.235,584.8566,5487.061,28502.04
02/15/16,21:34:00,1700,1841.991,586.7956,5494.602,28474.32
02/15/16,21:35:00,1700,1841.824,585.7695,5471.282,28409.03
02/15/16,21:36:00,1700,1840.749,589.5829,5534.285,28720.01
02/15/16,21:37:00,1700,1840.752,594.2226,5586.036,29020.07
02/15/16,21:38:00,1700,1841.252,588.671,5515.012,28626.71
02/15/16,21:39:00,1700,1840.771,583.2791,5461.419,28372.8
02/15/16,21:40:00,1700,1841.234,591.5045,5541.205,28811.26
02/15/16,21:41:00,1700,1840.761,593.0624,5556.83,28862.46
02/15/16,21:42:00,1700,1841.787,590.8134,5530.917,28660.77
02/15/16,21:43:00,1700,1840.313,590.5033,5514.087,28660.21
02/15/16,21:44:00,1700,1840.942,588.7908,5499.459,28568.2
02/15/16,21:45:00,1700,1840.944,599.066,5620.761,29186.77
02/15/16,21:46:00,1700,1840.734,587.2043,5493.378,28536.1
02/15/16,21:47:00,1700,1841.996,581.4724,5433.07,28222.3
02/15/16,21:48:00,1700,1840.912,575.245,5373.57,27917.54
02/15/16,21:49:00,1700,1841.233,585.3284,5467.757,28397.54
02/15/16,21:50:00,1700,1840.738,590.8087,5543.181,28788.27
02/15/16,21:51:00,1700,1841.968,590.1063,5522.26,28674.84
02/15/16,21:52:00,1700,1840.762,596.445,5587.362,29020.1
02/15/16,21:53:00,1700,1841.238,593.4443,5566.796,28850.7
02/15/16,21:54:00,1700,1841.988,595.4536,5578.404,28979.59
02/15/16,21:55:00,1700,1841.24,592.9696,5556.904,28861.54
02/15/16,21:56:00,1700,1840.781,593.8687,5580.761,28974.44
02/15/16,21:57:00,1700,1840.739,595.4557,5566.747,28922.81
02/15/16,21:58:00,1700,1841.176,589.7839,5516.204,28630.15
02/15/16,21:59:00,1700,1841.519,586.0194,5470.307,28408.61
02/15/16,22:00:00,1700,1841.236,584.0574,5482.255,28468.33
02/15/16,22:01:00,1700,1842.29,590.583,5518.279,28666.54
02/15/16,22:02:00,1700,1841.548,591.1702,5526.569,28688.18
02/15/16,22:03:00,1700,1840.744,594.8683,5581.384,28992.99
02/15/16,22:04:00,1700,1841.987,591.2457,5550.156,28812.5
02/15/16,22:05:00,1700,1840.951,589.0917,5511.868,28615.61
02/15/16,22:06:00,1700,1840.299,569.15,5321.604,27635.12
02/15/16,22:07:00,1700,1841.256,594.6776,5564.674,28889.66
02/15/16,22:08:00,1700,1841.526,592.7036,5553.475,28833.65
02/15/16,22:09:00,1700,1840.286,592.6249,5545.398,28812.52
02/15/16,22:10:00,1700,1841.803,588.918,5516.161,28637.13
02/15/16,22:11:00,1700,1841.531,593.7424,5563.754,28889.02
02/15/16,22:12:00,1700,1840.753,593.9989,5545.363,28816.19
02/15/16,22:13:00,1700,1840.213,588.4452,5501.598,28596.4
02/15/16,22:14:00,1700,1840.277,590.1228,5528.623,28726.61
02/15/16,22:15:00,1700,1840.768,596.918,5577.103,28964.47
02/15/16,22:16:00,1700,1841.347,593.6531,5566.712,28895.91
02/15/16,22:17:00,1700,1841.231,579.9301,5420.713,28149.52
02/15/16,22:18:00,1700,1840.778,580.3706,5415.985,28135.8
02/15/16,22:19:00,1700,1841.243,587.5632,5498.104,28540.78
02/15/16,22:20:00,1700,1840.589,595.1216,5570.278,28934.52
02/15/16,22:21:00,1700,1842.272,591.0776,5532.15,28698.66
02/15/16,22:22:00,1700,1840.967,594.6432,5556.93,28855.5
02/15/16,22:23:00,1700,1841.226,584.4408,5451.733,28324.32
02/15/16,22:24:00,1700,1840.962,587.7753,5508.938,28615.28
02/15/16,22:25:00,1700,1840.555,591.5891,5552.191,28846.53
02/15/16,22:26:00,1700,1841.815,596.4442,5622.021,29194.03
02/15/16,22:27:00,1700,1841.258,594.0049,5559.112,28868.29
02/15/16,22:28:00,1700,1842.024,599.2074,5600.488,29075.87
02/15/16,22:29:00,1700,1842.569,586.054,5505.007,28575.05
02/15/16,22:30:00,1700,1841.234,568.3878,5303.701,27540
02/15/16,22:31:00,1700,1840.018,582.8436,5467.729,28369.71
02/15/16,22:32:00,1700,1841.212,592.0502,5561.075,28867.58
02/15/16,22:33:00,1700,1840.741,593.1023,5551.309,28833.78
02/15/16,22:34:00,1700,1841.522,588.0284,5506.451,28592.05
02/15/16,22:35:00,1700,1841.517,577.3168,5370.101,27883.71
02/15/16,22:36:00,1700,1841.24,588.4495,5485.755,28481.76
02/15/16,22:37:00,1700,1840.955,593.5245,5594.231,29065.22
02/15/16,22:38:00,1700,1841.095,591.7039,5537.603,28779.48
02/15/16,22:39:00,1700,1841.516,585.1954,5477.2,28450.95
02/15/16,22:40:00,1700,1843.611,564.4655,5268.494,27336.25
02/15/16,22:41:00,1700,1840.989,592.1396,5544.022,28795.85
02/15/16,22:42:00,1700,1841.355,589.3474,5497.358,28540.91
02/15/16,22:43:00,1700,1842.037,599.2847,5591.828,28998.96
02/15/16,22:44:00,1700,1840.746,591.3694,5536.783,28760.92
02/15/16,22:45:00,1700,1842.003,583.2703,5449.506,28266.02
02/15/16,22:46:00,1700,1840.578,589.6935,5526.381,28692.99
02/15/16,22:47:00,1700,1840.952,596.232,5589.06,29030.66
02/15/16,22:48:00,1700,1840.962,584.2878,5465.71,28395.18
02/15/16,22:49:00,1700,1841.815,587.4811,5497.331,28540.63
02/15/16,22:50:00,1700,1841.165,586.0142,5496.062,28530.07
02/15/16,22:51:00,1700,1840.953,591.0665,5525.14,28687.86
02/15/16,22:52:00,1700,1841.5,589.6921,5517.37,28653.68
02/15/16,22:53:00,1700,1840.78,579.9374,5422.164,28164.21
02/15/16,22:54:00,1700,1841.228,589.6925,5526.431,28702.98
02/15/16,22:55:00,1700,1841.534,594.7699,5572.583,28927.57
02/15/16,22:56:00,1700,1841.239,587.5522,5502.506,28581.27
02/15/16,22:57:00,1700,1841.818,589.6964,5511.905,28620.02
02/15/16,22:58:00,1700,1840.605,586.0588,5489.295,28543.88
02/15/16,22:59:00,1700,1840.764,592.7029,5553.443,28839.85
02/15/16,23:00:00,1700,1841.244,594.1301,5556.89,28760.67
02/15/16,23:01:00,1700,1841.239,595.5901,5584.099,28998.82
02/15/16,23:02:00,1700,1840.565,592.9642,5550.039,28870.33
02/15/16,23:03:00,1700,1841.776,589.0507,5525.546,28719.66
02/15/16,23:04:00,1700,1841.528,581.4791,5435.232,28172.08
02/15/16,23:05:00,1700,1840.581,592.9608,5561.316,28889.46
02/15/16,23:06:00,1700,1841.521,597.7028,5573.655,28934.78
02/15/16,23:07:00,1700,1841.517,595.6694,5574.449,28940.42
02/15/16,23:08:00,1700,1841.793,597.348,5600.707,29071.05
02/15/16,23:09:00,1700,1841.518,595.1184,5595.979,29048.09
02/15/16,23:10:00,1700,1840.315,595.2115,5593.284,29086.19
02/15/16,23:11:00,1700,1841.531,594.4329,5577.098,28951.83
02/15/16,23:12:00,1700,1840.941,595.1116,5587.089,29037.28
02/15/16,23:13:00,1700,1841.807,584.5898,5451.011,28299.89
02/15/16,23:14:00,1700,1841.228,575.3073,5386.015,27978
02/15/16,23:15:00,1700,1840.947,587.9694,5510.685,28626.31
02/15/16,23:16:00,1700,1840.576,597.2256,5583.889,29000.97
02/15/16,23:17:00,1700,1840.757,594.6494,5568.094,28913.26
02/15/16,23:18:00,1700,1840.324,586.843,5502.578,28591.81
02/15/16,23:19:00,1700,1842.017,584.3091,5469.016,28389.8
02/15/16,23:20:00,1700,1840.596,592.1954,5560.017,28889.59
02/15/16,23:21:00,1700,1841.811,593.5295,5551.368,28855.4
02/15/16,23:22:00,1700,1841.826,591.2557,5546.727,28799.77
02/15/16,23:23:00,1700,1841.535,589.7008,5512.876,28637.09
02/15/16,23:24:00,1700,1840.581,572.0186,5351.773,27804.26
02/15/16,23:25:00,1700,1840.755,587.778,5505.546,28616.19
02/15/16,23:26:00,1700,1840.769,592.2848,5536.702,28758.46
02/15/16,23:27:00,1700,1840.576,591.1643,5523.952,28709.15
02/15/16,23:28:00,1700,1841.408,588.647,5514.887,28643.07
02/15/16,23:29:00,1700,1842.006,588.4721,5492.236,28533.15
02/15/16,23:30:00,1700,1841.849,591.452,5532.147,28726.93
02/15/16,23:31:00,1700,1841.244,597.6965,5607.517,29138.68
02/15/16,23:32:00,1700,1840.781,594.7794,5559.125,28872.48
02/15/16,23:33:00,1700,1841.543,581.0109,5428.396,28186.61
02/15/16,23:34:00,1700,1841.62,584.3153,5457.644,28357.83
02/15/16,23:35:00,1700,1841.257,594.209,5565.688,28916.58
02/15/16,23:36:00,1700,1840.567,592.7128,5546.592,28816.78
02/15/16,23:37:00,1700,1841.545,597.3573,5607.645,29114.56
02/15/16,23:38:00,1700,1841.774,592.0776,5532.837,28740.77
02/15/16,23:39:00,1700,1840.961,593.872,5571.584,28940.91
02/15/16,23:40:00,1700,1840.783,588.5813,5502.368,28574.95
02/15/16,23:41:00,1700,1840.011,597.4805,5606.254,29114.35
02/15/16,23:42:00,1700,1842.005,593.3151,5543.277,28778.2
02/15/16,23:43:00,1700,1842.281,583.011,5431.745,28192.76
02/15/16,23:44:00,1700,1841.242,581.9518,5435.211,28222.46
02/15/16,23:45:00,1700,1841.223,582.1606,5436.576,28231.66
02/15/16,23:46:00,1700,1841.803,590.3865,5537.666,28747.93
02/15/16,23:47:00,1700,1841.547,590.1389,5528.682,28703.55
02/15/16,23:48:00,1700,1842.59,581.4041,5424.984,28125.08
02/15/16,23:49:00,1700,1840.584,594.8774,5561.164,28889.44
02/15/16,23:50:00,1700,1839.537,595.124,5573.282,28963.92
02/15/16,23:51:00,1700,1841.529,595.1255,5563.693,28878.77
02/15/16,23:52:00,1700,1840.76,593.4463,5563.898,28900.13
02/15/16,23:53:00,1700,1841.261,590.4013,5517.503,28669.23
02/15/16,23:54:00,1700,1840.009,593.7438,5563.814,28885.22
02/15/16,23:55:00,1700,1842.014,591.6116,5545.393,28782.54
02/15/16,23:56:00,1700,1841.243,589.0614,5496.089,28541.34
02/15/16,23:57:00,1700,1841.248,590.5206,5523.15,28692.84
02/15/16,23:58:00,1700,1841.816,593.3139,5540.993,28772.58
02/15/16,23:59:00,1700,1840.962,594.9919,5570.225,28934.39
02/16/16,00:00:00,,,,,
